side,limit,margin,stat,type,fromPosition
long,-45782.3,0.01,open,open Position,1578.7
long,-45470.55,0.01,open,open Position,1567.95
long,-45051.5,0.01,open,open Position,1553.5
long,-44958.7,0.01,open,open Position,1550.3
long,-45205.2,0.01,open,open Position,1558.8
long,-45132.7,0.01,open,open Position,1556.3
long,-44913.75,0.01,open,open Position,1548.75
long,-44967.4,0.01,open,open Position,1550.6
long,-45019.6,0.01,open,open Position,1552.4
long,-44939.85,0.01,open,open Position,1549.65
long,-44774.55,0.01,open,open Position,1543.95
long,-44857.2,0.01,open,open Position,1546.8
long,-44925.35,0.01,open,open Position,1549.15
long,-45367.6,0.01,open,open Position,1564.4
long,-45728.65,0.01,open,open Position,1576.85
long,-45356,0.01,open,open Position,1564
long,-45443,0.01,open,open Position,1567
long,-44004.6,0.01,open,open Position,1517.4
long,-44515,0.01,open,open Position,1535
long,-44612.15,0.01,open,open Position,1538.35
long,-45076.15,0.01,open,open Position,1554.35
long,-45203.75,0.01,open,open Position,1558.75
long,-45356,0.01,open,open Position,1564
long,-45799.7,0.01,open,open Position,1579.3
long,-45838.85,0.01,open,open Position,1580.65
long,-45992.55,0.01,open,open Position,1585.95
long,-45975.15,0.01,open,open Position,1585.35
long,-45844.65,0.01,open,open Position,1580.85
long,-45788.1,0.01,open,open Position,1578.9
long,-45740.25,0.01,open,open Position,1577.25
long,-46252.1,0.01,open,open Position,1594.9
long,-46205.7,0.01,open,open Position,1593.3
long,-46127.4,0.01,open,open Position,1590.6
long,-46046.2,0.01,open,open Position,1587.8
long,-46204.25,0.01,open,open Position,1593.25
long,-46091.15,0.01,open,open Position,1589.35
long,-46198.45,0.01,open,open Position,1593.05
long,-46066.5,0.01,open,open Position,1588.5
long,-46176.7,0.01,open,open Position,1592.3
long,-47062.65,0.01,open,open Position,1622.85
long,-47216.35,0.01,open,open Position,1628.15
long,-47445.45,0.01,open,open Position,1636.05
long,-47429.5,0.01,open,open Position,1635.5
long,-46674.05,0.01,open,open Position,1609.45
long,-45895.4,0.01,open,open Position,1582.6
long,-45730.1,0.01,open,open Position,1576.9
long,-45263.2,0.01,open,open Position,1560.8
long,-45463.3,0.01,open,open Position,1567.7
long,-45786.65,0.01,open,open Position,1578.85
long,-45808.4,0.01,open,open Position,1579.6
long,-45648.9,0.01,open,open Position,1574.1
long,-45698.2,0.01,open,open Position,1575.8
long,-45603.95,0.01,open,open Position,1572.55
long,-45434.3,0.01,open,open Position,1566.7
long,-45254.5,0.01,open,open Position,1560.5
long,-45361.8,0.01,open,open Position,1564.2
long,-45527.1,0.01,open,open Position,1569.9
long,-45337.15,0.01,open,open Position,1563.35
long,-44744.1,0.01,open,open Position,1542.9
long,-44754.25,0.01,open,open Position,1543.25
long,-44970.3,0.01,open,open Position,1550.7
long,-45086.3,0.01,open,open Position,1554.7
long,-44884.75,0.01,open,open Position,1547.75
long,-45144.3,0.01,open,open Position,1556.7
long,-45251.6,0.01,open,open Position,1560.4
long,-44925.35,0.01,open,open Position,1549.15
long,-44876.05,0.01,open,open Position,1547.45
long,-44928.25,0.01,open,open Position,1549.25
long,-45038.45,0.01,open,open Position,1553.05
long,-44954.35,0.01,open,open Position,1550.15
long,-44913.75,0.01,open,open Position,1548.75
long,-45009.45,0.01,open,open Position,1552.05
long,-44977.55,0.01,open,open Position,1550.95
long,-45084.85,0.01,open,open Position,1554.65
long,-45142.85,0.01,open,open Position,1556.65
long,-45139.95,0.01,open,open Position,1556.55
long,-45076.15,0.01,open,open Position,1554.35
long,-45023.95,0.01,open,open Position,1552.55
long,-44993.5,0.01,open,open Position,1551.5
long,-45110.95,0.01,open,open Position,1555.55
long,-45008,0.01,open,open Position,1552
long,-44899.25,0.01,open,open Position,1548.25
long,-44805,0.01,open,open Position,1545
long,-45029.75,0.01,open,open Position,1552.75
long,-45008,0.01,open,open Position,1552
long,-45066,0.01,open,open Position,1554
long,-45342.95,0.01,open,open Position,1563.55
long,-45532.9,0.01,open,open Position,1570.1
long,-44899.25,0.01,open,open Position,1548.25
long,-45042.8,0.01,open,open Position,1553.2
long,-45232.75,0.01,open,open Position,1559.75
long,-45431.4,0.01,open,open Position,1566.6
long,-45506.8,0.01,open,open Position,1569.2
long,-45380.65,0.01,open,open Position,1564.85
long,-45422.7,0.01,open,open Position,1566.3
long,-45532.9,0.01,open,open Position,1570.1
long,-45540.15,0.01,open,open Position,1570.35
long,-45418.35,0.01,open,open Position,1566.15
long,-45776.5,0.01,open,open Position,1578.5
long,-45659.05,0.01,open,open Position,1574.45
long,-45590.9,0.01,open,open Position,1572.1
long,-45683.7,0.01,open,open Position,1575.3
long,-45659.05,0.01,open,open Position,1574.45
long,-45714.15,0.01,open,open Position,1576.35
long,-45276.25,0.01,open,open Position,1561.25
long,-45435.75,0.01,open,open Position,1566.75
long,-45282.05,0.01,open,open Position,1561.45
long,-45364.7,0.01,open,open Position,1564.3
long,-45377.75,0.01,open,open Position,1564.75
long,-45279.15,0.01,open,open Position,1561.35
long,-45415.45,0.01,open,open Position,1566.05
long,-45580.75,0.01,open,open Position,1571.75
long,-45637.3,0.01,open,open Position,1573.7
long,-46101.3,0.01,open,open Position,1589.7
long,-46385.5,0.01,open,open Position,1599.5
long,-46363.75,0.01,open,open Position,1598.75
long,-46199.9,0.01,open,open Position,1593.1
long,-46012.85,0.01,open,open Position,1586.65
long,-45970.8,0.01,open,open Position,1585.2
long,-46304.3,0.01,open,open Position,1596.7
long,-46284,0.01,open,open Position,1596
long,-46553.7,0.01,open,open Position,1605.3
long,-46882.85,0.01,open,open Position,1616.65
long,-48183.5,0.01,open,open Position,1661.5
long,-47522.3,0.01,open,open Position,1638.7
long,-47645.55,0.01,open,open Position,1642.95
long,-47544.05,0.01,open,open Position,1639.45
long,-47536.8,0.01,open,open Position,1639.2
long,-47886.25,0.01,open,open Position,1651.25
long,-48285,0.01,open,open Position,1665
long,-48077.65,0.01,open,open Position,1657.85
long,-48273.4,0.01,open,open Position,1664.6
long,-48068.95,0.01,open,open Position,1657.55
long,-48218.3,0.01,open,open Position,1662.7
long,-48344.45,0.01,open,open Position,1667.05
long,-48232.8,0.01,open,open Position,1663.2
long,-47810.85,0.01,open,open Position,1648.65
long,-48290.8,0.01,open,open Position,1665.2
long,-48395.2,0.01,open,open Position,1668.8
long,-48170.45,0.01,open,open Position,1661.05
long,-46037.5,0.01,open,open Position,1587.5
long,-45596.7,0.01,open,open Position,1572.3
long,-45699.65,0.01,open,open Position,1575.85
long,-45854.8,0.01,open,open Position,1581.2
long,-45936,0.01,open,open Position,1584
long,-45770.7,0.01,open,open Position,1578.3
long,-45187.8,0.01,open,open Position,1558.2
long,-44564.3,0.01,open,open Position,1536.7
long,-44258.35,0.01,open,open Position,1526.15
long,-43404.3,0.01,open,open Position,1496.7
long,-43768.25,0.01,open,open Position,1509.25
long,-43808.85,0.01,open,open Position,1510.65
long,-43942.25,0.01,open,open Position,1515.25
long,-44006.05,0.01,open,open Position,1517.45
long,-43997.35,0.01,open,open Position,1517.15
long,-44071.3,0.01,open,open Position,1519.7
long,-44008.95,0.01,open,open Position,1517.55
long,-43832.05,0.01,open,open Position,1511.45
long,-43874.1,0.01,open,open Position,1512.9
long,-43982.85,0.01,open,open Position,1516.65
long,-44526.6,0.01,open,open Position,1535.4
long,-44731.05,0.01,open,open Position,1542.45
long,-44739.75,0.01,open,open Position,1542.75
long,-45041.35,0.01,open,open Position,1553.15
long,-45472,0.01,open,open Position,1568
long,-45547.4,0.01,open,open Position,1570.6
long,-45499.55,0.01,open,open Position,1568.95
long,-47533.9,0.01,open,open Position,1639.1
long,-47706.45,0.01,open,open Position,1645.05
long,-47413.55,0.01,open,open Position,1634.95
long,-47243.9,0.01,open,open Position,1629.1
long,-47188.8,0.01,open,open Position,1627.2
long,-46875.6,0.01,open,open Position,1616.4
long,-47191.7,0.01,open,open Position,1627.3
long,-47230.85,0.01,open,open Position,1628.65
long,-47613.65,0.01,open,open Position,1641.85
long,-47390.35,0.01,open,open Position,1634.15
long,-47136.6,0.01,open,open Position,1625.4
long,-46778.45,0.01,open,open Position,1613.05
long,-47071.35,0.01,open,open Position,1623.15
long,-46894.45,0.01,open,open Position,1617.05
long,-47455.6,0.01,open,open Position,1636.4
long,-47415,0.01,open,open Position,1635
long,-46906.05,0.01,open,open Position,1617.45
long,-47400.5,0.01,open,open Position,1634.5
long,-47648.45,0.01,open,open Position,1643.05
long,-47230.85,0.01,open,open Position,1628.65
long,-47251.15,0.01,open,open Position,1629.35
long,-47256.95,0.01,open,open Position,1629.55
long,-47252.6,0.01,open,open Position,1629.4
long,-47821,0.01,open,open Position,1649
long,-47680.35,0.01,open,open Position,1644.15
long,-47517.95,0.01,open,open Position,1638.55
long,-47307.7,0.01,open,open Position,1631.3
long,-47391.8,0.01,open,open Position,1634.2
long,-47520.85,0.01,open,open Position,1638.65
long,-47306.25,0.01,open,open Position,1631.25
long,-47533.9,0.01,open,open Position,1639.1
long,-48483.65,0.01,open,open Position,1671.85
long,-49155,0.01,open,open Position,1695
long,-49485.6,0.01,open,open Position,1706.4
long,-49614.65,0.01,open,open Position,1710.85
long,-49417.45,0.01,open,open Position,1704.05
long,-49463.85,0.01,open,open Position,1705.65
long,-49136.15,0.01,open,open Position,1694.35
long,-49472.55,0.01,open,open Position,1705.95
long,-49286.95,0.01,open,open Position,1699.55
long,-50080.1,0.01,open,open Position,1726.9
long,-49897.4,0.01,open,open Position,1720.6
long,-50020.65,0.01,open,open Position,1724.85
long,-49823.45,0.01,open,open Position,1718.05
long,-49729.2,0.01,open,open Position,1714.8
long,-49385.55,0.01,open,open Position,1702.95
long,-49569.7,0.01,open,open Position,1709.3
long,-49851,0.01,open,open Position,1719
long,-49877.1,0.01,open,open Position,1719.9
long,-49687.15,0.01,open,open Position,1713.35
long,-49837.95,0.01,open,open Position,1718.55
long,-49804.6,0.01,open,open Position,1717.4
long,-49765.45,0.01,open,open Position,1716.05
long,-49984.4,0.01,open,open Position,1723.6
long,-50435.35,0.01,open,open Position,1739.15
long,-50242.5,0.01,open,open Position,1732.5
long,-50223.65,0.01,open,open Position,1731.85
long,-50172.9,0.01,open,open Position,1730.1
long,-50267.15,0.01,open,open Position,1733.35
long,-49584.2,0.01,open,open Position,1709.8
long,-49745.15,0.01,open,open Position,1715.35
long,-49930.75,0.01,open,open Position,1721.75
long,-50026.45,0.01,open,open Position,1725.05
long,-49959.75,0.01,open,open Position,1722.75
long,-50035.15,0.01,open,open Position,1725.35
long,-49753.85,0.01,open,open Position,1715.65
long,-49782.85,0.01,open,open Position,1716.65
long,-49720.5,0.01,open,open Position,1714.5
long,-49938,0.01,open,open Position,1722
long,-49909,0.01,open,open Position,1721
long,-50277.3,0.01,open,open Position,1733.7
long,-50445.5,0.01,open,open Position,1739.5
long,-50270.05,0.01,open,open Position,1733.45
long,-50747.1,0.01,open,open Position,1749.9
long,-51708.45,0.01,open,open Position,1783.05
long,-51427.15,0.01,open,open Position,1773.35
long,-51356.1,0.01,open,open Position,1770.9
long,-51103.8,0.01,open,open Position,1762.2
long,-51141.5,0.01,open,open Position,1763.5
long,-51042.9,0.01,open,open Position,1760.1
long,-50992.15,0.01,open,open Position,1758.35
long,-51140.05,0.01,open,open Position,1763.45
long,-50780.45,0.01,open,open Position,1751.05
long,-51048.7,0.01,open,open Position,1760.3
long,-51132.8,0.01,open,open Position,1763.2
long,-50992.15,0.01,open,open Position,1758.35
long,-51067.55,0.01,open,open Position,1760.95
long,-51299.55,0.01,open,open Position,1768.95
long,-51380.75,0.01,open,open Position,1771.75
long,-51214,0.01,open,open Position,1766
long,-51060.3,0.01,open,open Position,1760.7
long,-51257.5,0.01,open,open Position,1767.5
long,-51328.55,0.01,open,open Position,1769.95
long,-51347.4,0.01,open,open Position,1770.6
long,-51031.3,0.01,open,open Position,1759.7
long,-51106.7,0.01,open,open Position,1762.3
long,-50974.75,0.01,open,open Position,1757.75
long,-50203.35,0.01,open,open Position,1731.15
long,-50596.3,0.01,open,open Position,1744.7
long,-51185,0.01,open,open Position,1765
long,-50301.95,0.01,open,open Position,1734.55
long,-51050.15,0.01,open,open Position,1760.35
long,-50330.95,0.01,open,open Position,1735.55
long,-50052.55,0.01,open,open Position,1725.95
long,-50051.1,0.01,open,open Position,1725.9
long,-50103.3,0.01,open,open Position,1727.7
long,-50341.1,0.01,open,open Position,1735.9
long,-50955.9,0.01,open,open Position,1757.1
long,-50831.2,0.01,open,open Position,1752.8
long,-50747.1,0.01,open,open Position,1749.9
long,-50555.7,0.01,open,open Position,1743.3
long,-50678.95,0.01,open,open Position,1747.55
long,-50619.5,0.01,open,open Position,1745.5
long,-50741.3,0.01,open,open Position,1749.7
long,-50309.2,0.01,open,open Position,1734.8
long,-49465.3,0.01,open,open Position,1705.7
long,-49653.8,0.01,open,open Position,1712.2
long,-50098.95,0.01,open,open Position,1727.55
long,-50098.95,0.01,open,open Position,1727.55
long,-50022.1,0.01,open,open Position,1724.9
long,-49953.95,0.01,open,open Position,1722.55
long,-49735,0.01,open,open Position,1715
long,-49453.7,0.01,open,open Position,1705.3
long,-49750.95,0.01,open,open Position,1715.55
long,-48899.8,0.01,open,open Position,1686.2
long,-49144.85,0.01,open,open Position,1694.65
long,-49507.35,0.01,open,open Position,1707.15
long,-49710.35,0.01,open,open Position,1714.15
long,-49659.6,0.01,open,open Position,1712.4
long,-49817.65,0.01,open,open Position,1717.85
long,-49449.35,0.01,open,open Position,1705.15
long,-49726.3,0.01,open,open Position,1714.7
long,-49695.85,0.01,open,open Position,1713.65
long,-49898.85,0.01,open,open Position,1720.65
long,-50188.85,0.01,open,open Position,1730.65
long,-50364.3,0.01,open,open Position,1736.7
long,-47209.1,0.01,open,open Position,1627.9
long,-46463.8,0.01,open,open Position,1602.2
long,-46063.6,0.01,open,open Position,1588.4
long,-46188.3,0.01,open,open Position,1592.7
long,-46662.45,0.01,open,open Position,1609.05
long,-46868.35,0.01,open,open Position,1616.15
long,-45748.95,0.01,open,open Position,1577.55
long,-46489.9,0.01,open,open Position,1603.1
long,-46572.55,0.01,open,open Position,1605.95
long,-46233.25,0.01,open,open Position,1594.25
long,-45969.35,0.01,open,open Position,1585.15
long,-45593.8,0.01,open,open Position,1572.2
long,-45559,0.01,open,open Position,1571
long,-45801.15,0.01,open,open Position,1579.35
long,-46308.65,0.01,open,open Position,1596.85
long,-46357.95,0.01,open,open Position,1598.55
long,-46900.25,0.01,open,open Position,1617.25
long,-46688.55,0.01,open,open Position,1609.95
long,-46545,0.01,open,open Position,1605
long,-46698.7,0.01,open,open Position,1610.3
long,-46375.35,0.01,open,open Position,1599.15
long,-46421.75,0.01,open,open Position,1600.75
long,-46347.8,0.01,open,open Position,1598.2
long,-46149.15,0.01,open,open Position,1591.35
long,-46444.95,0.01,open,open Position,1601.55
long,-46456.55,0.01,open,open Position,1601.95
long,-46388.4,0.01,open,open Position,1599.6
long,-46199.9,0.01,open,open Position,1593.1
long,-45822.9,0.01,open,open Position,1580.1
long,-45918.6,0.01,open,open Position,1583.4
long,-45638.75,0.01,open,open Position,1573.75
long,-46240.5,0.01,open,open Position,1594.5
long,-46286.9,0.01,open,open Position,1596.1
long,-46811.8,0.01,open,open Position,1614.2
long,-47396.15,0.01,open,open Position,1634.35
long,-47444,0.01,open,open Position,1636
long,-46951,0.01,open,open Position,1619
long,-46935.05,0.01,open,open Position,1618.45
long,-46571.1,0.01,open,open Position,1605.9
long,-46249.2,0.01,open,open Position,1594.8
long,-46140.45,0.01,open,open Position,1591.05
long,-46726.25,0.01,open,open Position,1611.25
long,-46563.85,0.01,open,open Position,1605.65
long,-47654.25,0.01,open,open Position,1643.25
long,-46613.15,0.01,open,open Position,1607.35
long,-46083.9,0.01,open,open Position,1589.1
long,-45930.2,0.01,open,open Position,1583.8
long,-46134.65,0.01,open,open Position,1590.85
long,-46036.05,0.01,open,open Position,1587.45
long,-45996.9,0.01,open,open Position,1586.1
long,-43231.75,0.01,open,open Position,1490.75
long,-43263.65,0.01,open,open Position,1491.85
long,-43737.8,0.01,open,open Position,1508.2
long,-43704.45,0.01,open,open Position,1507.05
long,-43430.4,0.01,open,open Position,1497.6
long,-43398.5,0.01,open,open Position,1496.5
long,-43594.25,0.01,open,open Position,1503.25
long,-43194.05,0.01,open,open Position,1489.45
long,-42756.15,0.01,open,open Position,1474.35
long,-42688,0.01,open,open Position,1472
long,-42970.75,0.01,open,open Position,1481.75
long,-42650.3,0.01,open,open Position,1470.7
long,-42522.7,0.01,open,open Position,1466.3
long,-42718.45,0.01,open,open Position,1473.05
long,-42595.2,0.01,open,open Position,1468.8
long,-42666.25,0.01,open,open Position,1471.25
long,-42667.7,0.01,open,open Position,1471.3
long,-42651.75,0.01,open,open Position,1470.75
long,-42080.45,0.01,open,open Position,1451.05
long,-42398,0.01,open,open Position,1462
long,-42599.55,0.01,open,open Position,1468.95
long,-42853.3,0.01,open,open Position,1477.7
long,-42181.95,0.01,open,open Position,1454.55
long,-41481.6,0.01,open,open Position,1430.4
long,-41935.45,0.01,open,open Position,1446.05
long,-42105.1,0.01,open,open Position,1451.9
long,-41394.6,0.01,open,open Position,1427.4
long,-41206.1,0.01,open,open Position,1420.9
long,-41401.85,0.01,open,open Position,1427.65
long,-41388.8,0.01,open,open Position,1427.2
long,-41681.7,0.01,open,open Position,1437.3
long,-41744.05,0.01,open,open Position,1439.45
long,-41528,0.01,open,open Position,1432
long,-41578.75,0.01,open,open Position,1433.75
long,-41822.35,0.01,open,open Position,1442.15
long,-41906.45,0.01,open,open Position,1445.05
long,-41731,0.01,open,open Position,1439
long,-41749.85,0.01,open,open Position,1439.65
long,-41760,0.01,open,open Position,1440
long,-41509.15,0.01,open,open Position,1431.35
long,-41497.55,0.01,open,open Position,1430.95
long,-41526.55,0.01,open,open Position,1431.95
long,-41568.6,0.01,open,open Position,1433.4
long,-41507.7,0.01,open,open Position,1431.3
long,-41356.9,0.01,open,open Position,1426.1
long,-41152.45,0.01,open,open Position,1419.05
long,-41306.15,0.01,open,open Position,1424.35
long,-41246.7,0.01,open,open Position,1422.3
long,-41896.3,0.01,open,open Position,1444.7
long,-41862.95,0.01,open,open Position,1443.55
long,-42502.4,0.01,open,open Position,1465.6
long,-42625.65,0.01,open,open Position,1469.85
long,-42541.55,0.01,open,open Position,1466.95
long,-42457.45,0.01,open,open Position,1464.05
long,-42390.75,0.01,open,open Position,1461.75
long,-42102.2,0.01,open,open Position,1451.8
long,-42471.95,0.01,open,open Position,1464.55
long,-42572,0.01,open,open Position,1468
long,-42071.75,0.01,open,open Position,1450.75
long,-42102.2,0.01,open,open Position,1451.8
long,-42190.65,0.01,open,open Position,1454.85
long,-42090.6,0.01,open,open Position,1451.4
long,-42128.3,0.01,open,open Position,1452.7
long,-42261.7,0.01,open,open Position,1457.3
long,-42150.05,0.01,open,open Position,1453.45
long,-42128.3,0.01,open,open Position,1452.7
long,-42186.3,0.01,open,open Position,1454.7
long,-41284.4,0.01,open,open Position,1423.6
long,-41504.8,0.01,open,open Position,1431.2
long,-41567.15,0.01,open,open Position,1433.35
long,-41678.8,0.01,open,open Position,1437.2
long,-41590.35,0.01,open,open Position,1434.15
long,-41171.3,0.01,open,open Position,1419.7
long,-41079.95,0.01,open,open Position,1416.55
long,-40478.2,0.01,open,open Position,1395.8
long,-39935.9,0.01,open,open Position,1377.1
long,-39834.4,0.01,open,open Position,1373.6
long,-40027.25,0.01,open,open Position,1380.25
long,-39766.25,0.01,open,open Position,1371.25
long,-38636.7,0.01,open,open Position,1332.3
long,-38851.3,0.01,open,open Position,1339.7
long,-38671.5,0.01,open,open Position,1333.5
long,-38948.45,0.01,open,open Position,1343.05
long,-38855.65,0.01,open,open Position,1339.85
long,-37729,0.01,open,open Position,1301
long,-37518.75,0.01,open,open Position,1293.75
long,-37849.35,0.01,open,open Position,1305.15
long,-37575.3,0.01,open,open Position,1295.7
long,-37482.5,0.01,open,open Position,1292.5
long,-37736.25,0.01,open,open Position,1301.25
long,-37491.2,0.01,open,open Position,1292.8
long,-37598.5,0.01,open,open Position,1296.5
long,-38171.25,0.01,open,open Position,1316.25
long,-37908.8,0.01,open,open Position,1307.2
long,-38204.6,0.01,open,open Position,1317.4
long,-38819.4,0.01,open,open Position,1338.6
long,-39266,0.01,open,open Position,1354
long,-38884.65,0.01,open,open Position,1340.85
long,-39174.65,0.01,open,open Position,1350.85
long,-38506.2,0.01,open,open Position,1327.8
long,-38973.1,0.01,open,open Position,1343.9
long,-39489.3,0.01,open,open Position,1361.7
long,-39324,0.01,open,open Position,1356
long,-39928.65,0.01,open,open Position,1376.85
long,-40159.2,0.01,open,open Position,1384.8
long,-39867.75,0.01,open,open Position,1374.75
long,-39695.2,0.01,open,open Position,1368.8
long,-39593.7,0.01,open,open Position,1365.3
long,-39593.7,0.01,open,open Position,1365.3
long,-39264.55,0.01,open,open Position,1353.95
long,-39316.75,0.01,open,open Position,1355.75
long,-39338.5,0.01,open,open Position,1356.5
long,-39409.55,0.01,open,open Position,1358.95
long,-39374.75,0.01,open,open Position,1357.75
long,-39347.2,0.01,open,open Position,1356.8
long,-39208,0.01,open,open Position,1352
long,-39431.3,0.01,open,open Position,1359.7
long,-39303.7,0.01,open,open Position,1355.3
long,-39123.9,0.01,open,open Position,1349.1
long,-38954.25,0.01,open,open Position,1343.25
long,-39409.55,0.01,open,open Position,1358.95
long,-39912.7,0.01,open,open Position,1376.3
long,-39625.6,0.01,open,open Position,1366.4
long,-38704.85,0.01,open,open Position,1334.65
long,-38981.8,0.01,open,open Position,1344.2
long,-39180.45,0.01,open,open Position,1351.05
long,-38935.4,0.01,open,open Position,1342.6
long,-38168.35,0.01,open,open Position,1316.15
long,-38578.7,0.01,open,open Position,1330.3
long,-38342.35,0.01,open,open Position,1322.15
long,-38665.7,0.01,open,open Position,1333.3
long,-38520.7,0.01,open,open Position,1328.3
long,-38833.9,0.01,open,open Position,1339.1
long,-38751.25,0.01,open,open Position,1336.25
long,-38791.85,0.01,open,open Position,1337.65
long,-38590.3,0.01,open,open Position,1330.7
long,-38461.25,0.01,open,open Position,1326.25
long,-38607.7,0.01,open,open Position,1331.3
long,-38516.35,0.01,open,open Position,1328.15
long,-38802,0.01,open,open Position,1338
long,-39016.6,0.01,open,open Position,1345.4
long,-39144.2,0.01,open,open Position,1349.8
long,-39295,0.01,open,open Position,1355
long,-39070.25,0.01,open,open Position,1347.25
long,-38912.2,0.01,open,open Position,1341.8
long,-38926.7,0.01,open,open Position,1342.3
long,-38880.3,0.01,open,open Position,1340.7
long,-40659.45,0.01,open,open Position,1402.05
long,-39864.85,0.01,open,open Position,1374.65
long,-38345.25,0.01,open,open Position,1322.25
long,-38103.1,0.01,open,open Position,1313.9
long,-36305.1,0.01,open,open Position,1251.9
long,-36033.95,0.01,open,open Position,1242.55
long,-36077.45,0.01,open,open Position,1244.05
long,-36004.95,0.01,open,open Position,1241.55
long,-36419.65,0.01,open,open Position,1255.85
long,-36666.15,0.01,open,open Position,1264.35
long,-36592.2,0.01,open,open Position,1261.8
long,-36628.45,0.01,open,open Position,1263.05
long,-36474.75,0.01,open,open Position,1257.75
long,-36715.45,0.01,open,open Position,1266.05
long,-37053.3,0.01,open,open Position,1277.7
long,-37370.85,0.01,open,open Position,1288.65
long,-37441.9,0.01,open,open Position,1291.1
long,-37562.25,0.01,open,open Position,1295.25
long,-37923.3,0.01,open,open Position,1307.7
long,-37881.25,0.01,open,open Position,1306.25
long,-36864.8,0.01,open,open Position,1271.2
long,-36690.8,0.01,open,open Position,1265.2
long,-36841.6,0.01,open,open Position,1270.4
long,-37141.75,0.01,open,open Position,1280.75
long,-37396.95,0.01,open,open Position,1289.55
long,-37759.45,0.01,open,open Position,1302.05
long,-38365.55,0.01,open,open Position,1322.95
long,-38381.5,0.01,open,open Position,1323.5
long,-37897.2,0.01,open,open Position,1306.8
long,-38362.65,0.01,open,open Position,1322.85
long,-38440.95,0.01,open,open Position,1325.55
long,-38285.8,0.01,open,open Position,1320.2
long,-38633.8,0.01,open,open Position,1332.2
long,-38381.5,0.01,open,open Position,1323.5
long,-38855.65,0.01,open,open Position,1339.85
long,-39121,0.01,open,open Position,1349
long,-38902.05,0.01,open,open Position,1341.45
long,-38907.85,0.01,open,open Position,1341.65
long,-38606.25,0.01,open,open Position,1331.25
long,-38188.65,0.01,open,open Position,1316.85
long,-38056.7,0.01,open,open Position,1312.3
long,-37527.45,0.01,open,open Position,1294.05
long,-37323,0.01,open,open Position,1287
long,-37617.35,0.01,open,open Position,1297.15
long,-36815.5,0.01,open,open Position,1269.5
long,-37189.6,0.01,open,open Position,1282.4
long,-37504.25,0.01,open,open Position,1293.25
long,-37543.4,0.01,open,open Position,1294.6
long,-37552.1,0.01,open,open Position,1294.9
long,-37169.3,0.01,open,open Position,1281.7
long,-37453.5,0.01,open,open Position,1291.5
long,-37684.05,0.01,open,open Position,1299.45
long,-38429.35,0.01,open,open Position,1325.15
long,-38536.65,0.01,open,open Position,1328.85
long,-38465.6,0.01,open,open Position,1326.4
long,-38206.05,0.01,open,open Position,1317.45
long,-38219.1,0.01,open,open Position,1317.9
long,-38390.2,0.01,open,open Position,1323.8
long,-38306.1,0.01,open,open Position,1320.9
long,-38490.25,0.01,open,open Position,1327.25
long,-38619.3,0.01,open,open Position,1331.7
long,-38384.4,0.01,open,open Position,1323.6
long,-38339.45,0.01,open,open Position,1322.05
long,-38529.4,0.01,open,open Position,1328.6
long,-38459.8,0.01,open,open Position,1326.2
long,-38432.25,0.01,open,open Position,1325.25
long,-38464.15,0.01,open,open Position,1326.35
long,-38603.35,0.01,open,open Position,1331.15
long,-38913.65,0.01,open,open Position,1341.85
long,-38902.05,0.01,open,open Position,1341.45
long,-38839.7,0.01,open,open Position,1339.3
long,-38770.1,0.01,open,open Position,1336.9
long,-38726.6,0.01,open,open Position,1335.4
long,-38944.1,0.01,open,open Position,1342.9
long,-38894.8,0.01,open,open Position,1341.2
long,-38894.8,0.01,open,open Position,1341.2
long,-38355.4,0.01,open,open Position,1322.6
long,-38095.85,0.01,open,open Position,1313.65
long,-38169.8,0.01,open,open Position,1316.2
long,-38290.15,0.01,open,open Position,1320.35
long,-38294.5,0.01,open,open Position,1320.5
long,-38288.7,0.01,open,open Position,1320.3
long,-38520.7,0.01,open,open Position,1328.3
long,-38475.75,0.01,open,open Position,1326.75
long,-38333.65,0.01,open,open Position,1321.85
long,-38442.4,0.01,open,open Position,1325.6
long,-38628,0.01,open,open Position,1332
long,-38561.3,0.01,open,open Position,1329.7
long,-38351.05,0.01,open,open Position,1322.45
long,-38401.8,0.01,open,open Position,1324.2
long,-38533.75,0.01,open,open Position,1328.75
long,-38365.55,0.01,open,open Position,1322.95
long,-37856.6,0.01,open,open Position,1305.4
long,-37859.5,0.01,open,open Position,1305.5
long,-37990,0.01,open,open Position,1310
long,-37772.5,0.01,open,open Position,1302.5
long,-37599.95,0.01,open,open Position,1296.55
long,-37581.1,0.01,open,open Position,1295.9
long,-37672.45,0.01,open,open Position,1299.05
long,-37457.85,0.01,open,open Position,1291.65
long,-37256.3,0.01,open,open Position,1284.7
long,-37415.8,0.01,open,open Position,1290.2
long,-37533.25,0.01,open,open Position,1294.25
long,-37482.5,0.01,open,open Position,1292.5
long,-37727.55,0.01,open,open Position,1300.95
long,-37789.9,0.01,open,open Position,1303.1
long,-37773.95,0.01,open,open Position,1302.55
long,-37515.85,0.01,open,open Position,1293.65
long,-37401.3,0.01,open,open Position,1289.7
long,-37102.6,0.01,open,open Position,1279.4
long,-37547.75,0.01,open,open Position,1294.75
long,-38274.2,0.01,open,open Position,1319.8
long,-37963.9,0.01,open,open Position,1309.1
long,-38011.75,0.01,open,open Position,1310.75
long,-37589.8,0.01,open,open Position,1296.2
long,-38142.25,0.01,open,open Position,1315.25
long,-38394.55,0.01,open,open Position,1323.95
long,-38542.45,0.01,open,open Position,1329.05
long,-38403.25,0.01,open,open Position,1324.25
long,-38326.4,0.01,open,open Position,1321.6
long,-38343.8,0.01,open,open Position,1322.2
long,-38580.15,0.01,open,open Position,1330.35
long,-38567.1,0.01,open,open Position,1329.9
long,-38398.9,0.01,open,open Position,1324.1
long,-38171.25,0.01,open,open Position,1316.25
long,-38462.7,0.01,open,open Position,1326.3
long,-38719.35,0.01,open,open Position,1335.15
long,-38919.45,0.01,open,open Position,1342.05
long,-39622.7,0.01,open,open Position,1366.3
long,-39895.3,0.01,open,open Position,1375.7
long,-40157.75,0.01,open,open Position,1384.75
long,-40011.3,0.01,open,open Position,1379.7
long,-40195.45,0.01,open,open Position,1386.05
long,-40109.9,0.01,open,open Position,1383.1
long,-40060.6,0.01,open,open Position,1381.4
long,-39943.15,0.01,open,open Position,1377.35
long,-40128.75,0.01,open,open Position,1383.75
long,-40195.45,0.01,open,open Position,1386.05
long,-40249.1,0.01,open,open Position,1387.9
long,-40349.15,0.01,open,open Position,1391.35
long,-40225.9,0.01,open,open Position,1387.1
long,-40240.4,0.01,open,open Position,1387.6
long,-39573.4,0.01,open,open Position,1364.6
long,-38603.35,0.01,open,open Position,1331.15
long,-38095.85,0.01,open,open Position,1313.65
long,-38342.35,0.01,open,open Position,1322.15
long,-38380.05,0.01,open,open Position,1323.45
long,-38401.8,0.01,open,open Position,1324.2
long,-38322.05,0.01,open,open Position,1321.45
long,-38546.8,0.01,open,open Position,1329.2
long,-38485.9,0.01,open,open Position,1327.1
long,-38646.85,0.01,open,open Position,1332.65
long,-37990,0.01,open,open Position,1310
long,-37008.35,0.01,open,open Position,1276.15
long,-37304.15,0.01,open,open Position,1286.35
long,-37212.8,0.01,open,open Position,1283.2
long,-37286.75,0.01,open,open Position,1285.75
long,-37019.95,0.01,open,open Position,1276.55
long,-37254.85,0.01,open,open Position,1284.65
long,-37172.2,0.01,open,open Position,1281.8
long,-36901.05,0.01,open,open Position,1272.45
long,-37756.55,0.01,open,open Position,1301.95
long,-37543.4,0.01,open,open Position,1294.6
long,-37798.6,0.01,open,open Position,1303.4
long,-37979.85,0.01,open,open Position,1309.65
long,-38426.45,0.01,open,open Position,1325.05
long,-38609.15,0.01,open,open Position,1331.35
long,-38526.5,0.01,open,open Position,1328.5
long,-38323.5,0.01,open,open Position,1321.5
long,-38633.8,0.01,open,open Position,1332.2
long,-38649.75,0.01,open,open Position,1332.75
long,-39150,0.01,open,open Position,1350
long,-38996.3,0.01,open,open Position,1344.7
long,-38775.9,0.01,open,open Position,1337.1
long,-38759.95,0.01,open,open Position,1336.55
long,-38672.95,0.01,open,open Position,1333.55
long,-38958.6,0.01,open,open Position,1343.4
long,-38741.1,0.01,open,open Position,1335.9
long,-38893.35,0.01,open,open Position,1341.15
long,-38877.4,0.01,open,open Position,1340.6
long,-38623.65,0.01,open,open Position,1331.85
long,-38500.4,0.01,open,open Position,1327.6
long,-38310.45,0.01,open,open Position,1321.05
long,-38378.6,0.01,open,open Position,1323.4
long,-38746.9,0.01,open,open Position,1336.1
long,-38745.45,0.01,open,open Position,1336.05
long,-38736.75,0.01,open,open Position,1335.75
long,-38253.9,0.01,open,open Position,1319.1
long,-37711.6,0.01,open,open Position,1300.4
long,-38266.95,0.01,open,open Position,1319.55
long,-38461.25,0.01,open,open Position,1326.25
long,-38770.1,0.01,open,open Position,1336.9
long,-38443.85,0.01,open,open Position,1325.65
long,-38461.25,0.01,open,open Position,1326.25
long,-38643.95,0.01,open,open Position,1332.55
long,-38768.65,0.01,open,open Position,1336.85
long,-38613.5,0.01,open,open Position,1331.5
long,-38522.15,0.01,open,open Position,1328.35
long,-38715,0.01,open,open Position,1335
long,-38762.85,0.01,open,open Position,1336.65
long,-38725.15,0.01,open,open Position,1335.35
long,-38443.85,0.01,open,open Position,1325.65
long,-38477.2,0.01,open,open Position,1326.8
long,-38507.65,0.01,open,open Position,1327.85
long,-38541,0.01,open,open Position,1329
long,-38629.45,0.01,open,open Position,1332.05
long,-38841.15,0.01,open,open Position,1339.35
long,-39083.3,0.01,open,open Position,1347.7
long,-38919.45,0.01,open,open Position,1342.05
long,-38755.6,0.01,open,open Position,1336.4
long,-38575.8,0.01,open,open Position,1330.2
long,-38472.85,0.01,open,open Position,1326.65
long,-38715,0.01,open,open Position,1335
long,-39421.15,0.01,open,open Position,1359.35
long,-39174.65,0.01,open,open Position,1350.85
long,-39200.75,0.01,open,open Position,1351.75
long,-38997.75,0.01,open,open Position,1344.75
long,-39051.4,0.01,open,open Position,1346.6
long,-38773,0.01,open,open Position,1337
long,-38603.35,0.01,open,open Position,1331.15
long,-38356.85,0.01,open,open Position,1322.65
long,-38329.3,0.01,open,open Position,1321.7
long,-38506.2,0.01,open,open Position,1327.8
long,-38474.3,0.01,open,open Position,1326.7
long,-38588.85,0.01,open,open Position,1330.65
long,-38548.25,0.01,open,open Position,1329.25
long,-38541,0.01,open,open Position,1329
long,-38520.7,0.01,open,open Position,1328.3
long,-38525.05,0.01,open,open Position,1328.45
long,-38481.55,0.01,open,open Position,1326.95
long,-38513.45,0.01,open,open Position,1328.05
long,-38585.95,0.01,open,open Position,1330.55
long,-38581.6,0.01,open,open Position,1330.4
long,-38539.55,0.01,open,open Position,1328.95
long,-38411.95,0.01,open,open Position,1324.55
long,-38358.3,0.01,open,open Position,1322.7
long,-38429.35,0.01,open,open Position,1325.15
long,-38349.6,0.01,open,open Position,1322.4
long,-38342.35,0.01,open,open Position,1322.15
long,-38004.5,0.01,open,open Position,1310.5
long,-38063.95,0.01,open,open Position,1312.55
long,-38139.35,0.01,open,open Position,1315.15
long,-38016.1,0.01,open,open Position,1310.9
long,-37952.3,0.01,open,open Position,1308.7
long,-38053.8,0.01,open,open Position,1312.2
long,-38048,0.01,open,open Position,1312
long,-38019,0.01,open,open Position,1311
long,-37978.4,0.01,open,open Position,1309.6
long,-37908.8,0.01,open,open Position,1307.2
long,-37994.35,0.01,open,open Position,1310.15
long,-37959.55,0.01,open,open Position,1308.95
long,-38048,0.01,open,open Position,1312
long,-38052.35,0.01,open,open Position,1312.15
long,-38033.5,0.01,open,open Position,1311.5
long,-37997.25,0.01,open,open Position,1310.25
long,-37968.25,0.01,open,open Position,1309.25
long,-37882.7,0.01,open,open Position,1306.3
long,-37386.8,0.01,open,open Position,1289.2
long,-37621.7,0.01,open,open Position,1297.3
long,-37546.3,0.01,open,open Position,1294.7
long,-37597.05,0.01,open,open Position,1296.45
long,-37385.35,0.01,open,open Position,1289.15
long,-37492.65,0.01,open,open Position,1292.85
long,-37579.65,0.01,open,open Position,1295.85
long,-37614.45,0.01,open,open Position,1297.05
long,-37572.4,0.01,open,open Position,1295.6
long,-37814.55,0.01,open,open Position,1303.95
long,-37772.5,0.01,open,open Position,1302.5
long,-37694.2,0.01,open,open Position,1299.8
long,-37386.8,0.01,open,open Position,1289.2
long,-36999.65,0.01,open,open Position,1275.85
long,-37151.9,0.01,open,open Position,1281.1
long,-37620.25,0.01,open,open Position,1297.25
long,-37379.55,0.01,open,open Position,1288.95
long,-37441.9,0.01,open,open Position,1291.1
long,-37328.8,0.01,open,open Position,1287.2
long,-37552.1,0.01,open,open Position,1294.9
long,-37436.1,0.01,open,open Position,1290.9
long,-37447.7,0.01,open,open Position,1291.3
long,-37423.05,0.01,open,open Position,1290.45
long,-37473.8,0.01,open,open Position,1292.2
long,-37611.55,0.01,open,open Position,1296.95
long,-37656.5,0.01,open,open Position,1298.5
long,-37734.8,0.01,open,open Position,1301.2
long,-37617.35,0.01,open,open Position,1297.15
long,-38251,0.01,open,open Position,1319
long,-38219.1,0.01,open,open Position,1317.9
long,-38269.85,0.01,open,open Position,1319.65
long,-38429.35,0.01,open,open Position,1325.15
long,-38182.85,0.01,open,open Position,1316.65
long,-38204.6,0.01,open,open Position,1317.4
long,-38362.65,0.01,open,open Position,1322.85
long,-38197.35,0.01,open,open Position,1317.15
long,-38135,0.01,open,open Position,1315
long,-38349.6,0.01,open,open Position,1322.4
long,-38306.1,0.01,open,open Position,1320.9
long,-38243.75,0.01,open,open Position,1318.75
long,-38309,0.01,open,open Position,1321
long,-38520.7,0.01,open,open Position,1328.3
long,-38497.5,0.01,open,open Position,1327.5
long,-38413.4,0.01,open,open Position,1324.6
long,-38774.45,0.01,open,open Position,1337.05
long,-39136.95,0.01,open,open Position,1349.55
long,-39068.8,0.01,open,open Position,1347.2
long,-39065.9,0.01,open,open Position,1347.1
long,-39084.75,0.01,open,open Position,1347.75
long,-39115.2,0.01,open,open Position,1348.8
long,-39238.45,0.01,open,open Position,1353.05
long,-39219.6,0.01,open,open Position,1352.4
long,-39151.45,0.01,open,open Position,1350.05
long,-39237,0.01,open,open Position,1353
long,-39048.5,0.01,open,open Position,1346.5
long,-39061.55,0.01,open,open Position,1346.95
long,-39132.6,0.01,open,open Position,1349.4
long,-39264.55,0.01,open,open Position,1353.95
long,-39454.5,0.01,open,open Position,1360.5
long,-39350.1,0.01,open,open Position,1356.9
long,-39383.45,0.01,open,open Position,1358.05
long,-39455.95,0.01,open,open Position,1360.55
long,-39255.85,0.01,open,open Position,1353.65
long,-39266,0.01,open,open Position,1354
long,-39309.5,0.01,open,open Position,1355.5
long,-39239.9,0.01,open,open Position,1353.1
long,-39151.45,0.01,open,open Position,1350.05
long,-39208,0.01,open,open Position,1352
long,-39309.5,0.01,open,open Position,1355.5
long,-39205.1,0.01,open,open Position,1351.9
long,-38968.75,0.01,open,open Position,1343.75
long,-38935.4,0.01,open,open Position,1342.6
long,-39002.1,0.01,open,open Position,1344.9
long,-38693.25,0.01,open,open Position,1334.25
long,-38626.55,0.01,open,open Position,1331.95
long,-38361.2,0.01,open,open Position,1322.8
long,-38358.3,0.01,open,open Position,1322.7
long,-38558.4,0.01,open,open Position,1329.6
long,-39141.3,0.01,open,open Position,1349.7
long,-39083.3,0.01,open,open Position,1347.7
long,-39338.5,0.01,open,open Position,1356.5
long,-39147.1,0.01,open,open Position,1349.9
long,-38981.8,0.01,open,open Position,1344.2
long,-39080.4,0.01,open,open Position,1347.6
long,-39297.9,0.01,open,open Position,1355.1
long,-39193.5,0.01,open,open Position,1351.5
long,-39712.6,0.01,open,open Position,1369.4
long,-39951.85,0.01,open,open Position,1377.65
long,-39793.8,0.01,open,open Position,1372.2
long,-39789.45,0.01,open,open Position,1372.05
long,-39788,0.01,open,open Position,1372
long,-39793.8,0.01,open,open Position,1372.2
long,-39524.1,0.01,open,open Position,1362.9
long,-39667.65,0.01,open,open Position,1367.85
long,-39409.55,0.01,open,open Position,1358.95
long,-39293.55,0.01,open,open Position,1354.95
long,-39366.05,0.01,open,open Position,1357.45
long,-39672,0.01,open,open Position,1368
long,-39631.4,0.01,open,open Position,1366.6
long,-39540.05,0.01,open,open Position,1363.45
long,-39708.25,0.01,open,open Position,1369.25
long,-39467.55,0.01,open,open Position,1360.95
long,-39508.15,0.01,open,open Position,1362.35
long,-39569.05,0.01,open,open Position,1364.45
long,-39351.55,0.01,open,open Position,1356.95
long,-39384.9,0.01,open,open Position,1358.1
long,-39527,0.01,open,open Position,1363
long,-39160.15,0.01,open,open Position,1350.35
long,-39148.55,0.01,open,open Position,1349.95
long,-39196.4,0.01,open,open Position,1351.6
long,-39287.75,0.01,open,open Position,1354.75
long,-39263.1,0.01,open,open Position,1353.9
long,-39316.75,0.01,open,open Position,1355.75
long,-39280.5,0.01,open,open Position,1354.5
long,-39194.95,0.01,open,open Position,1351.55
long,-39267.45,0.01,open,open Position,1354.05
long,-39142.75,0.01,open,open Position,1349.75
long,-39296.45,0.01,open,open Position,1355.05
long,-39310.95,0.01,open,open Position,1355.55
long,-39338.5,0.01,open,open Position,1356.5
long,-39325.45,0.01,open,open Position,1356.05
long,-39274.7,0.01,open,open Position,1354.3
long,-38590.3,0.01,open,open Position,1330.7
long,-38632.35,0.01,open,open Position,1332.15
long,-38823.75,0.01,open,open Position,1338.75
long,-38668.6,0.01,open,open Position,1333.4
long,-38375.7,0.01,open,open Position,1323.3
long,-38372.8,0.01,open,open Position,1323.2
long,-38456.9,0.01,open,open Position,1326.1
long,-38480.1,0.01,open,open Position,1326.9
long,-38588.85,0.01,open,open Position,1330.65
long,-38652.65,0.01,open,open Position,1332.85
long,-38652.65,0.01,open,open Position,1332.85
long,-38578.7,0.01,open,open Position,1330.3
long,-38648.3,0.01,open,open Position,1332.7
long,-38704.85,0.01,open,open Position,1334.65
long,-38657,0.01,open,open Position,1333
long,-38583.05,0.01,open,open Position,1330.45
long,-38494.6,0.01,open,open Position,1327.4
long,-38570,0.01,open,open Position,1330
long,-38616.4,0.01,open,open Position,1331.6
long,-38558.4,0.01,open,open Position,1329.6
long,-38409.05,0.01,open,open Position,1324.45
long,-38478.65,0.01,open,open Position,1326.85
long,-38491.7,0.01,open,open Position,1327.3
long,-38551.15,0.01,open,open Position,1329.35
long,-38523.6,0.01,open,open Position,1328.4
long,-38438.05,0.01,open,open Position,1325.45
long,-38407.6,0.01,open,open Position,1324.4
long,-38397.45,0.01,open,open Position,1324.05
long,-38533.75,0.01,open,open Position,1328.75
long,-38488.8,0.01,open,open Position,1327.2
long,-38409.05,0.01,open,open Position,1324.45
long,-38396,0.01,open,open Position,1324
long,-38414.85,0.01,open,open Position,1324.65
long,-37898.65,0.01,open,open Position,1306.85
long,-38019,0.01,open,open Position,1311
long,-38120.5,0.01,open,open Position,1314.5
long,-38049.45,0.01,open,open Position,1312.05
long,-38026.25,0.01,open,open Position,1311.25
long,-37937.8,0.01,open,open Position,1308.2
long,-38004.5,0.01,open,open Position,1310.5
long,-38066.85,0.01,open,open Position,1312.65
long,-38107.45,0.01,open,open Position,1314.05
long,-38165.45,0.01,open,open Position,1316.05
long,-38108.9,0.01,open,open Position,1314.1
long,-38119.05,0.01,open,open Position,1314.45
long,-38179.95,0.01,open,open Position,1316.55
long,-38332.2,0.01,open,open Position,1321.8
long,-38345.25,0.01,open,open Position,1322.25
long,-38448.2,0.01,open,open Position,1325.8
long,-38320.6,0.01,open,open Position,1321.4
long,-38390.2,0.01,open,open Position,1323.8
long,-38449.65,0.01,open,open Position,1325.85
long,-38422.1,0.01,open,open Position,1324.9
long,-38381.5,0.01,open,open Position,1323.5
long,-38430.8,0.01,open,open Position,1325.2
long,-38249.55,0.01,open,open Position,1318.95
long,-38291.6,0.01,open,open Position,1320.4
long,-38306.1,0.01,open,open Position,1320.9
long,-38161.1,0.01,open,open Position,1315.9
long,-38358.3,0.01,open,open Position,1322.7
long,-38651.2,0.01,open,open Position,1332.8
long,-38575.8,0.01,open,open Position,1330.2
long,-38391.65,0.01,open,open Position,1323.85
long,-38356.85,0.01,open,open Position,1322.65
long,-38403.25,0.01,open,open Position,1324.25
long,-38197.35,0.01,open,open Position,1317.15
long,-38116.15,0.01,open,open Position,1314.35
long,-38159.65,0.01,open,open Position,1315.85
long,-37881.25,0.01,open,open Position,1306.25
long,-38043.65,0.01,open,open Position,1311.85
long,-37965.35,0.01,open,open Position,1309.15
long,-38106,0.01,open,open Position,1314
long,-38206.05,0.01,open,open Position,1317.45
long,-37985.65,0.01,open,open Position,1309.85
long,-37884.15,0.01,open,open Position,1306.35
long,-37926.2,0.01,open,open Position,1307.8
long,-37710.15,0.01,open,open Position,1300.35
long,-38045.1,0.01,open,open Position,1311.9
long,-37916.05,0.01,open,open Position,1307.45
long,-37903,0.01,open,open Position,1307
long,-37895.75,0.01,open,open Position,1306.75
long,-37882.7,0.01,open,open Position,1306.3
long,-37460.75,0.01,open,open Position,1291.75
long,-37402.75,0.01,open,open Position,1289.75
long,-37037.35,0.01,open,open Position,1277.15
long,-36980.8,0.01,open,open Position,1275.2
long,-37099.7,0.01,open,open Position,1279.3
long,-37056.2,0.01,open,open Position,1277.8
long,-37031.55,0.01,open,open Position,1276.95
long,-36972.1,0.01,open,open Position,1274.9
long,-37030.1,0.01,open,open Position,1276.9
long,-37224.4,0.01,open,open Position,1283.6
long,-37241.8,0.01,open,open Position,1284.2
long,-37120,0.01,open,open Position,1280
long,-37192.5,0.01,open,open Position,1282.5
long,-37301.25,0.01,open,open Position,1286.25
long,-37273.7,0.01,open,open Position,1285.3
long,-36951.8,0.01,open,open Position,1274.2
long,-37173.65,0.01,open,open Position,1281.85
long,-37491.2,0.01,open,open Position,1292.8
long,-37539.05,0.01,open,open Position,1294.45
long,-37424.5,0.01,open,open Position,1290.5
long,-37069.25,0.01,open,open Position,1278.25
long,-37182.35,0.01,open,open Position,1282.15
long,-37141.75,0.01,open,open Position,1280.75
long,-37006.9,0.01,open,open Position,1276.1
long,-37125.8,0.01,open,open Position,1280.2
long,-37099.7,0.01,open,open Position,1279.3
long,-37294,0.01,open,open Position,1286
long,-37215.7,0.01,open,open Position,1283.3
long,-37224.4,0.01,open,open Position,1283.6
long,-37207,0.01,open,open Position,1283
long,-37440.45,0.01,open,open Position,1291.05
long,-37441.9,0.01,open,open Position,1291.1
long,-37586.9,0.01,open,open Position,1296.1
long,-37510.05,0.01,open,open Position,1293.45
long,-37610.1,0.01,open,open Position,1296.9
long,-37768.15,0.01,open,open Position,1302.35
long,-37681.15,0.01,open,open Position,1299.35
long,-37614.45,0.01,open,open Position,1297.05
long,-37521.65,0.01,open,open Position,1293.85
long,-37643.45,0.01,open,open Position,1298.05
long,-37588.35,0.01,open,open Position,1296.15
long,-37660.85,0.01,open,open Position,1298.65
long,-37537.6,0.01,open,open Position,1294.4
long,-37462.2,0.01,open,open Position,1291.8
long,-37556.45,0.01,open,open Position,1295.05
long,-37595.6,0.01,open,open Position,1296.4
long,-37646.35,0.01,open,open Position,1298.15
long,-37668.1,0.01,open,open Position,1298.9
long,-37517.3,0.01,open,open Position,1293.7
long,-37521.65,0.01,open,open Position,1293.85
long,-37584,0.01,open,open Position,1296
long,-37473.8,0.01,open,open Position,1292.2
long,-37305.6,0.01,open,open Position,1286.4
long,-37302.7,0.01,open,open Position,1286.3
long,-37244.7,0.01,open,open Position,1284.3
long,-37320.1,0.01,open,open Position,1286.9
long,-37214.25,0.01,open,open Position,1283.25
long,-37030.1,0.01,open,open Position,1276.9
long,-37053.3,0.01,open,open Position,1277.7
long,-36919.9,0.01,open,open Position,1273.1
long,-36019.45,0.01,open,open Position,1242.05
long,-36018,0.01,open,open Position,1242
long,-35293,0.01,open,open Position,1217
long,-35436.55,0.01,open,open Position,1221.95
long,-35413.35,0.01,open,open Position,1221.15
long,-36421.1,0.01,open,open Position,1255.9
long,-36666.15,0.01,open,open Position,1264.35
long,-36950.35,0.01,open,open Position,1274.15
long,-37256.3,0.01,open,open Position,1284.7
long,-37294,0.01,open,open Position,1286
long,-37499.9,0.01,open,open Position,1293.1
long,-37541.95,0.01,open,open Position,1294.55
long,-37470.9,0.01,open,open Position,1292.1
long,-37308.5,0.01,open,open Position,1286.5
long,-37395.5,0.01,open,open Position,1289.5
long,-38525.05,0.01,open,open Position,1328.45
long,-38614.95,0.01,open,open Position,1331.55
long,-38541,0.01,open,open Position,1329
long,-38462.7,0.01,open,open Position,1326.3
long,-38451.1,0.01,open,open Position,1325.9
long,-38436.6,0.01,open,open Position,1325.4
long,-38304.65,0.01,open,open Position,1320.85
long,-38314.8,0.01,open,open Position,1321.2
long,-38488.8,0.01,open,open Position,1327.2
long,-38559.85,0.01,open,open Position,1329.65
long,-38433.7,0.01,open,open Position,1325.3
long,-38794.75,0.01,open,open Position,1337.75
long,-38583.05,0.01,open,open Position,1330.45
long,-38277.1,0.01,open,open Position,1319.9
long,-37975.5,0.01,open,open Position,1309.5
long,-37816,0.01,open,open Position,1304
long,-37940.7,0.01,open,open Position,1308.3
long,-37685.5,0.01,open,open Position,1299.5
long,-37649.25,0.01,open,open Position,1298.25
long,-37715.95,0.01,open,open Position,1300.55
long,-37453.5,0.01,open,open Position,1291.5
long,-37553.55,0.01,open,open Position,1294.95
long,-37573.85,0.01,open,open Position,1295.65
long,-37565.15,0.01,open,open Position,1295.35
long,-37628.95,0.01,open,open Position,1297.55
long,-37642,0.01,open,open Position,1298
long,-37695.65,0.01,open,open Position,1299.85
long,-37633.3,0.01,open,open Position,1297.7
long,-37550.65,0.01,open,open Position,1294.85
long,-37504.25,0.01,open,open Position,1293.25
long,-37530.35,0.01,open,open Position,1294.15
long,-37114.2,0.01,open,open Position,1279.8
long,-37102.6,0.01,open,open Position,1279.4
long,-37244.7,0.01,open,open Position,1284.3
long,-37315.75,0.01,open,open Position,1286.75
long,-37254.85,0.01,open,open Position,1284.65
long,-37360.7,0.01,open,open Position,1288.3
long,-37343.3,0.01,open,open Position,1287.7
long,-37267.9,0.01,open,open Position,1285.1
long,-37251.95,0.01,open,open Position,1284.55
long,-37182.35,0.01,open,open Position,1282.15
long,-37202.65,0.01,open,open Position,1282.85
long,-37172.2,0.01,open,open Position,1281.8
long,-37134.5,0.01,open,open Position,1280.5
long,-36982.25,0.01,open,open Position,1275.25
long,-36834.35,0.01,open,open Position,1270.15
long,-36953.25,0.01,open,open Position,1274.25
long,-37150.45,0.01,open,open Position,1281.05
long,-37178,0.01,open,open Position,1282
long,-37147.55,0.01,open,open Position,1280.95
long,-37202.65,0.01,open,open Position,1282.85
long,-37241.8,0.01,open,open Position,1284.2
long,-37231.65,0.01,open,open Position,1283.85
long,-37217.15,0.01,open,open Position,1283.35
long,-37192.5,0.01,open,open Position,1282.5
long,-37352,0.01,open,open Position,1288
long,-37270.8,0.01,open,open Position,1285.2
long,-37147.55,0.01,open,open Position,1280.95
long,-37215.7,0.01,open,open Position,1283.3
long,-37162.05,0.01,open,open Position,1281.45
long,-37241.8,0.01,open,open Position,1284.2
long,-37189.6,0.01,open,open Position,1282.4
long,-37280.95,0.01,open,open Position,1285.55
long,-37233.1,0.01,open,open Position,1283.9
long,-37220.05,0.01,open,open Position,1283.45
long,-37186.7,0.01,open,open Position,1282.3
long,-37907.35,0.01,open,open Position,1307.15
long,-37972.6,0.01,open,open Position,1309.4
long,-37492.65,0.01,open,open Position,1292.85
long,-37916.05,0.01,open,open Position,1307.45
long,-37852.25,0.01,open,open Position,1305.25
long,-37784.1,0.01,open,open Position,1302.9
long,-37594.15,0.01,open,open Position,1296.35
long,-37679.7,0.01,open,open Position,1299.3
long,-37739.15,0.01,open,open Position,1301.35
long,-37826.15,0.01,open,open Position,1304.35
long,-37930.55,0.01,open,open Position,1307.95
long,-37876.9,0.01,open,open Position,1306.1
long,-38027.7,0.01,open,open Position,1311.3
long,-37942.15,0.01,open,open Position,1308.35
long,-38191.55,0.01,open,open Position,1316.95
long,-38245.2,0.01,open,open Position,1318.8
long,-38188.65,0.01,open,open Position,1316.85
long,-38240.85,0.01,open,open Position,1318.65
long,-38585.95,0.01,open,open Position,1330.55
long,-38436.6,0.01,open,open Position,1325.4
long,-38522.15,0.01,open,open Position,1328.35
long,-38291.6,0.01,open,open Position,1320.4
long,-38288.7,0.01,open,open Position,1320.3
long,-38280,0.01,open,open Position,1320
long,-38426.45,0.01,open,open Position,1325.05
long,-38543.9,0.01,open,open Position,1329.1
long,-38555.5,0.01,open,open Position,1329.5
long,-38572.9,0.01,open,open Position,1330.1
long,-38583.05,0.01,open,open Position,1330.45
long,-38773,0.01,open,open Position,1337
long,-38626.55,0.01,open,open Position,1331.95
long,-38485.9,0.01,open,open Position,1327.1
long,-38648.3,0.01,open,open Position,1332.7
long,-38700.5,0.01,open,open Position,1334.5
long,-38603.35,0.01,open,open Position,1331.15
long,-38717.9,0.01,open,open Position,1335.1
long,-38736.75,0.01,open,open Position,1335.75
long,-38338,0.01,open,open Position,1322
long,-38388.75,0.01,open,open Position,1323.75
long,-38400.35,0.01,open,open Position,1324.15
long,-38425,0.01,open,open Position,1325
long,-38581.6,0.01,open,open Position,1330.4
long,-38310.45,0.01,open,open Position,1321.05
long,-37926.2,0.01,open,open Position,1307.8
long,-37907.35,0.01,open,open Position,1307.15
long,-37972.6,0.01,open,open Position,1309.4
long,-37942.15,0.01,open,open Position,1308.35
long,-37502.8,0.01,open,open Position,1293.2
long,-37698.55,0.01,open,open Position,1299.95
long,-38091.5,0.01,open,open Position,1313.5
long,-37981.3,0.01,open,open Position,1309.7
long,-38042.2,0.01,open,open Position,1311.8
long,-37992.9,0.01,open,open Position,1310.1
long,-37713.05,0.01,open,open Position,1300.45
long,-37872.55,0.01,open,open Position,1305.95
long,-37863.85,0.01,open,open Position,1305.65
long,-37827.6,0.01,open,open Position,1304.4
long,-37776.85,0.01,open,open Position,1302.65
long,-37727.55,0.01,open,open Position,1300.95
long,-37517.3,0.01,open,open Position,1293.7
long,-37671,0.01,open,open Position,1299
long,-37679.7,0.01,open,open Position,1299.3
long,-37862.4,0.01,open,open Position,1305.6
long,-37705.8,0.01,open,open Position,1300.2
long,-37691.3,0.01,open,open Position,1299.7
long,-37671,0.01,open,open Position,1299
long,-37488.3,0.01,open,open Position,1292.7
long,-37582.55,0.01,open,open Position,1295.95
long,-37817.45,0.01,open,open Position,1304.05
long,-37624.6,0.01,open,open Position,1297.4
long,-37553.55,0.01,open,open Position,1294.95
long,-37570.95,0.01,open,open Position,1295.55
long,-37591.25,0.01,open,open Position,1296.25
long,-37524.55,0.01,open,open Position,1293.95
long,-37511.5,0.01,open,open Position,1293.5
long,-37288.2,0.01,open,open Position,1285.8
long,-37249.05,0.01,open,open Position,1284.45
long,-37011.25,0.01,open,open Position,1276.25
long,-37089.55,0.01,open,open Position,1278.95
long,-37167.85,0.01,open,open Position,1281.65
long,-37098.25,0.01,open,open Position,1279.25
long,-37414.35,0.01,open,open Position,1290.15
long,-37456.4,0.01,open,open Position,1291.6
long,-37428.85,0.01,open,open Position,1290.65
long,-37457.85,0.01,open,open Position,1291.65
long,-37418.7,0.01,open,open Position,1290.3
long,-37566.6,0.01,open,open Position,1295.4
long,-37655.05,0.01,open,open Position,1298.45
long,-37659.4,0.01,open,open Position,1298.6
long,-37460.75,0.01,open,open Position,1291.75
long,-37617.35,0.01,open,open Position,1297.15
long,-37852.25,0.01,open,open Position,1305.25
long,-37676.8,0.01,open,open Position,1299.2
long,-37405.65,0.01,open,open Position,1289.85
long,-37246.15,0.01,open,open Position,1284.35
long,-37369.4,0.01,open,open Position,1288.6
long,-37241.8,0.01,open,open Position,1284.2
long,-37170.75,0.01,open,open Position,1281.75
long,-37236,0.01,open,open Position,1284
long,-37183.8,0.01,open,open Position,1282.2
long,-37191.05,0.01,open,open Position,1282.45
long,-37241.8,0.01,open,open Position,1284.2
long,-37294,0.01,open,open Position,1286
long,-37383.9,0.01,open,open Position,1289.1
long,-37309.95,0.01,open,open Position,1286.55
long,-37337.5,0.01,open,open Position,1287.5
long,-37323,0.01,open,open Position,1287
long,-37250.5,0.01,open,open Position,1284.5
long,-37237.45,0.01,open,open Position,1284.05
long,-37041.7,0.01,open,open Position,1277.3
long,-37114.2,0.01,open,open Position,1279.8
long,-37140.3,0.01,open,open Position,1280.7
long,-36970.65,0.01,open,open Position,1274.85
long,-36803.9,0.01,open,open Position,1269.1
long,-37265,0.01,open,open Position,1285
long,-37091,0.01,open,open Position,1279
long,-37597.05,0.01,open,open Position,1296.45
long,-37591.25,0.01,open,open Position,1296.25
long,-37634.75,0.01,open,open Position,1297.75
long,-37566.6,0.01,open,open Position,1295.4
long,-37775.4,0.01,open,open Position,1302.6
long,-37752.2,0.01,open,open Position,1301.8
long,-37652.15,0.01,open,open Position,1298.35
long,-37721.75,0.01,open,open Position,1300.75
long,-37671,0.01,open,open Position,1299
long,-37730.45,0.01,open,open Position,1301.05
long,-37643.45,0.01,open,open Position,1298.05
long,-37570.95,0.01,open,open Position,1295.55
long,-37647.8,0.01,open,open Position,1298.2
long,-37595.6,0.01,open,open Position,1296.4
long,-37581.1,0.01,open,open Position,1295.9
long,-37611.55,0.01,open,open Position,1296.95
long,-37672.45,0.01,open,open Position,1299.05
long,-37701.45,0.01,open,open Position,1300.05
long,-37676.8,0.01,open,open Position,1299.2
long,-37807.3,0.01,open,open Position,1303.7
long,-37840.65,0.01,open,open Position,1304.85
long,-37852.25,0.01,open,open Position,1305.25
long,-37974.05,0.01,open,open Position,1309.45
long,-38117.6,0.01,open,open Position,1314.4
long,-38150.95,0.01,open,open Position,1315.55
long,-38101.65,0.01,open,open Position,1313.85
long,-38000.15,0.01,open,open Position,1310.35
long,-38024.8,0.01,open,open Position,1311.2
long,-38088.6,0.01,open,open Position,1313.4
long,-38137.9,0.01,open,open Position,1315.1
long,-38172.7,0.01,open,open Position,1316.3
long,-38123.4,0.01,open,open Position,1314.6
long,-38071.2,0.01,open,open Position,1312.8
long,-38008.85,0.01,open,open Position,1310.65
long,-37924.75,0.01,open,open Position,1307.75
long,-38045.1,0.01,open,open Position,1311.9
long,-38059.6,0.01,open,open Position,1312.4
long,-37966.8,0.01,open,open Position,1309.2
long,-37923.3,0.01,open,open Position,1307.7
long,-37933.45,0.01,open,open Position,1308.05
long,-37952.3,0.01,open,open Position,1308.7
long,-38021.9,0.01,open,open Position,1311.1
long,-37959.55,0.01,open,open Position,1308.95
long,-37949.4,0.01,open,open Position,1308.6
long,-37807.3,0.01,open,open Position,1303.7
long,-37887.05,0.01,open,open Position,1306.45
long,-37926.2,0.01,open,open Position,1307.8
long,-38007.4,0.01,open,open Position,1310.6
long,-38078.45,0.01,open,open Position,1313.05
long,-38033.5,0.01,open,open Position,1311.5
long,-38503.3,0.01,open,open Position,1327.7
long,-38532.3,0.01,open,open Position,1328.7
long,-38570,0.01,open,open Position,1330
long,-38548.25,0.01,open,open Position,1329.25
long,-38738.2,0.01,open,open Position,1335.8
long,-39567.6,0.01,open,open Position,1364.4
long,-39521.2,0.01,open,open Position,1362.8
long,-39447.25,0.01,open,open Position,1360.25
long,-39271.8,0.01,open,open Position,1354.2
long,-39194.95,0.01,open,open Position,1351.55
long,-39077.5,0.01,open,open Position,1347.5
long,-39065.9,0.01,open,open Position,1347.1
long,-38925.25,0.01,open,open Position,1342.25
long,-38803.45,0.01,open,open Position,1338.05
long,-38758.5,0.01,open,open Position,1336.5
long,-38781.7,0.01,open,open Position,1337.3
long,-38996.3,0.01,open,open Position,1344.7
long,-39128.25,0.01,open,open Position,1349.25
long,-39226.85,0.01,open,open Position,1352.65
long,-39100.7,0.01,open,open Position,1348.3
long,-39068.8,0.01,open,open Position,1347.2
long,-38677.3,0.01,open,open Position,1333.7
long,-38886.1,0.01,open,open Position,1340.9
long,-38697.6,0.01,open,open Position,1334.4
long,-38681.65,0.01,open,open Position,1333.85
long,-38887.55,0.01,open,open Position,1340.95
long,-38974.55,0.01,open,open Position,1343.95
long,-39157.25,0.01,open,open Position,1350.25
long,-39087.65,0.01,open,open Position,1347.85
long,-39023.85,0.01,open,open Position,1345.65
long,-38941.2,0.01,open,open Position,1342.8
long,-38902.05,0.01,open,open Position,1341.45
long,-38838.25,0.01,open,open Position,1339.25
long,-38864.35,0.01,open,open Position,1340.15
long,-39063,0.01,open,open Position,1347
long,-39018.05,0.01,open,open Position,1345.45
long,-39131.15,0.01,open,open Position,1349.35
long,-39058.65,0.01,open,open Position,1346.85
long,-39052.85,0.01,open,open Position,1346.65
long,-38952.8,0.01,open,open Position,1343.2
long,-38962.95,0.01,open,open Position,1343.55
long,-38997.75,0.01,open,open Position,1344.75
long,-39054.3,0.01,open,open Position,1346.7
long,-39242.8,0.01,open,open Position,1353.2
long,-40049,0.01,open,open Position,1381
long,-40043.2,0.01,open,open Position,1380.8
long,-40808.8,0.01,open,open Position,1407.2
long,-41388.8,0.01,open,open Position,1427.2
long,-42957.7,0.01,open,open Position,1481.3
long,-43336.15,0.01,open,open Position,1494.35
long,-43285.4,0.01,open,open Position,1492.6
long,-42717,0.01,open,open Position,1473
long,-42954.8,0.01,open,open Position,1481.2
long,-42250.1,0.01,open,open Position,1456.9
long,-42309.55,0.01,open,open Position,1458.95
long,-42661.9,0.01,open,open Position,1471.1
long,-42906.95,0.01,open,open Position,1479.55
long,-43050.5,0.01,open,open Position,1484.5
long,-43094,0.01,open,open Position,1486
long,-42904.05,0.01,open,open Position,1479.45
long,-43017.15,0.01,open,open Position,1483.35
long,-43399.95,0.01,open,open Position,1496.55
long,-43930.65,0.01,open,open Position,1514.85
long,-44535.3,0.01,open,open Position,1535.7
long,-44365.65,0.01,open,open Position,1529.85
long,-44561.4,0.01,open,open Position,1536.6
long,-44297.5,0.01,open,open Position,1527.5
long,-44193.1,0.01,open,open Position,1523.9
long,-44316.35,0.01,open,open Position,1528.15
long,-45632.95,0.01,open,open Position,1573.55
long,-45424.15,0.01,open,open Position,1566.35
long,-44849.95,0.01,open,open Position,1546.55
long,-45269,0.01,open,open Position,1561
long,-45037,0.01,open,open Position,1553
long,-45334.25,0.01,open,open Position,1563.25
long,-45009.45,0.01,open,open Position,1552.05
long,-44951.45,0.01,open,open Position,1550.05
long,-45458.95,0.01,open,open Position,1567.55
long,-45379.2,0.01,open,open Position,1564.8
long,-45209.55,0.01,open,open Position,1558.95
long,-45257.4,0.01,open,open Position,1560.6
long,-44887.65,0.01,open,open Position,1547.85
long,-45068.9,0.01,open,open Position,1554.1
long,-45269,0.01,open,open Position,1561
long,-45283.5,0.01,open,open Position,1561.5
long,-45039.9,0.01,open,open Position,1553.1
long,-45121.1,0.01,open,open Position,1555.9
long,-45041.35,0.01,open,open Position,1553.15
long,-44922.45,0.01,open,open Position,1549.05
long,-44677.4,0.01,open,open Position,1540.6
long,-44948.55,0.01,open,open Position,1549.95
long,-45537.25,0.01,open,open Position,1570.25
long,-44742.65,0.01,open,open Position,1542.85
long,-44855.75,0.01,open,open Position,1546.75
long,-44752.8,0.01,open,open Position,1543.2
long,-44906.5,0.01,open,open Position,1548.5
long,-44967.4,0.01,open,open Position,1550.6
long,-45089.2,0.01,open,open Position,1554.8
long,-45276.25,0.01,open,open Position,1561.25
long,-44265.6,0.01,open,open Position,1526.4
long,-44184.4,0.01,open,open Position,1523.6
long,-43979.95,0.01,open,open Position,1516.55
long,-43890.05,0.01,open,open Position,1513.45
long,-44035.05,0.01,open,open Position,1518.45
long,-44197.45,0.01,open,open Position,1524.05
long,-43518.85,0.01,open,open Position,1500.65
long,-43701.55,0.01,open,open Position,1506.95
long,-43711.7,0.01,open,open Position,1507.3
long,-43943.7,0.01,open,open Position,1515.3
long,-43798.7,0.01,open,open Position,1510.3
long,-43283.95,0.01,open,open Position,1492.55
long,-43547.85,0.01,open,open Position,1501.65
long,-43674,0.01,open,open Position,1506
long,-43501.45,0.01,open,open Position,1500.05
long,-43421.7,0.01,open,open Position,1497.3
long,-43800.15,0.01,open,open Position,1510.35
long,-44633.9,0.01,open,open Position,1539.1
long,-44414.95,0.01,open,open Position,1531.55
long,-44571.55,0.01,open,open Position,1536.95
long,-45428.5,0.01,open,open Position,1566.5
long,-45009.45,0.01,open,open Position,1552.05
long,-45122.55,0.01,open,open Position,1555.95
long,-45138.5,0.01,open,open Position,1556.5
long,-45208.1,0.01,open,open Position,1558.9
long,-45089.2,0.01,open,open Position,1554.8
long,-45177.65,0.01,open,open Position,1557.85
long,-45063.1,0.01,open,open Position,1553.9
long,-45029.75,0.01,open,open Position,1552.75
long,-45032.65,0.01,open,open Position,1552.85
long,-45564.8,0.01,open,open Position,1571.2
long,-46070.85,0.01,open,open Position,1588.65
long,-45833.05,0.01,open,open Position,1580.45
long,-45806.95,0.01,open,open Position,1579.55
long,-45896.85,0.01,open,open Position,1582.65
long,-46221.65,0.01,open,open Position,1593.85
long,-47207.65,0.01,open,open Position,1627.85
long,-47312.05,0.01,open,open Position,1631.45
long,-47020.6,0.01,open,open Position,1621.4
long,-46814.7,0.01,open,open Position,1614.3
long,-47139.5,0.01,open,open Position,1625.5
long,-47082.95,0.01,open,open Position,1623.55
long,-46920.55,0.01,open,open Position,1617.95
long,-47320.75,0.01,open,open Position,1631.75
long,-47325.1,0.01,open,open Position,1631.9
long,-47165.6,0.01,open,open Position,1626.4
long,-47252.6,0.01,open,open Position,1629.4
long,-47049.6,0.01,open,open Position,1622.4
long,-47143.85,0.01,open,open Position,1625.65
long,-47117.75,0.01,open,open Position,1624.75
long,-46698.7,0.01,open,open Position,1610.3
long,-46940.85,0.01,open,open Position,1618.65
long,-46610.25,0.01,open,open Position,1607.25
long,-46830.65,0.01,open,open Position,1614.85
long,-46856.75,0.01,open,open Position,1615.75
long,-47023.5,0.01,open,open Position,1621.5
long,-46911.85,0.01,open,open Position,1617.65
long,-47103.25,0.01,open,open Position,1624.25
long,-47367.15,0.01,open,open Position,1633.35
long,-47210.55,0.01,open,open Position,1627.95
long,-46848.05,0.01,open,open Position,1615.45
long,-46317.35,0.01,open,open Position,1597.15
long,-46291.25,0.01,open,open Position,1596.25
long,-46520.35,0.01,open,open Position,1604.15
long,-46360.85,0.01,open,open Position,1598.65
long,-45970.8,0.01,open,open Position,1585.2
long,-46343.45,0.01,open,open Position,1598.05
long,-46008.5,0.01,open,open Position,1586.5
long,-45863.5,0.01,open,open Position,1581.5
long,-46014.3,0.01,open,open Position,1586.7
long,-46072.3,0.01,open,open Position,1588.7
long,-46007.05,0.01,open,open Position,1586.45
long,-46217.3,0.01,open,open Position,1593.7
long,-46241.95,0.01,open,open Position,1594.55
long,-46012.85,0.01,open,open Position,1586.65
long,-46095.5,0.01,open,open Position,1589.5
long,-45883.8,0.01,open,open Position,1582.2
long,-45883.8,0.01,open,open Position,1582.2
long,-45138.5,0.01,open,open Position,1556.5
long,-45380.65,0.01,open,open Position,1564.85
long,-45589.45,0.01,open,open Position,1572.05
long,-45501,0.01,open,open Position,1569
long,-45821.45,0.01,open,open Position,1580.05
long,-46327.5,0.01,open,open Position,1597.5
long,-45995.45,0.01,open,open Position,1586.05
long,-46075.2,0.01,open,open Position,1588.8
long,-46056.35,0.01,open,open Position,1588.15
long,-46249.2,0.01,open,open Position,1594.8
long,-46128.85,0.01,open,open Position,1590.65
long,-46020.1,0.01,open,open Position,1586.9
long,-46302.85,0.01,open,open Position,1596.65
long,-46556.6,0.01,open,open Position,1605.4
long,-46086.8,0.01,open,open Position,1589.2
long,-46291.25,0.01,open,open Position,1596.25
long,-45753.3,0.01,open,open Position,1577.7
long,-45490.85,0.01,open,open Position,1568.65
long,-45624.25,0.01,open,open Position,1573.25
long,-45574.95,0.01,open,open Position,1571.55
long,-45748.95,0.01,open,open Position,1577.55
long,-45907,0.01,open,open Position,1583
long,-45702.55,0.01,open,open Position,1575.95
long,-45675,0.01,open,open Position,1575
long,-45576.4,0.01,open,open Position,1571.6
long,-45756.2,0.01,open,open Position,1577.8
long,-45753.3,0.01,open,open Position,1577.7
long,-46012.85,0.01,open,open Position,1586.65
long,-45975.15,0.01,open,open Position,1585.35
long,-46078.1,0.01,open,open Position,1588.9
long,-46108.55,0.01,open,open Position,1589.95
long,-46089.7,0.01,open,open Position,1589.3
long,-45965,0.01,open,open Position,1585
long,-46011.4,0.01,open,open Position,1586.6
long,-45350.2,0.01,open,open Position,1563.8
long,-45615.55,0.01,open,open Position,1572.95
long,-45180.55,0.01,open,open Position,1557.95
long,-44887.65,0.01,open,open Position,1547.85
long,-45100.8,0.01,open,open Position,1555.2
long,-45035.55,0.01,open,open Position,1552.95
long,-45025.4,0.01,open,open Position,1552.6
long,-45219.7,0.01,open,open Position,1559.3
long,-45179.1,0.01,open,open Position,1557.9
long,-45541.6,0.01,open,open Position,1570.4
long,-45241.45,0.01,open,open Position,1560.05
long,-45319.75,0.01,open,open Position,1562.75
long,-44520.8,0.01,open,open Position,1535.2
long,-43813.2,0.01,open,open Position,1510.8
long,-43890.05,0.01,open,open Position,1513.45
long,-43803.05,0.01,open,open Position,1510.45
long,-43997.35,0.01,open,open Position,1517.15
long,-44375.8,0.01,open,open Position,1530.2
long,-44716.55,0.01,open,open Position,1541.95
long,-44726.7,0.01,open,open Position,1542.3
long,-44834,0.01,open,open Position,1546
long,-45013.8,0.01,open,open Position,1552.2
long,-44974.65,0.01,open,open Position,1550.85
long,-44839.8,0.01,open,open Position,1546.2
long,-44751.35,0.01,open,open Position,1543.15
long,-44741.2,0.01,open,open Position,1542.8
long,-44990.6,0.01,open,open Position,1551.4
long,-44752.8,0.01,open,open Position,1543.2
long,-44399,0.01,open,open Position,1531
long,-44354.05,0.01,open,open Position,1529.45
long,-44217.75,0.01,open,open Position,1524.75
long,-44984.8,0.01,open,open Position,1551.2
long,-44716.55,0.01,open,open Position,1541.95
long,-44842.7,0.01,open,open Position,1546.3
long,-44664.35,0.01,open,open Position,1540.15
long,-44793.4,0.01,open,open Position,1544.6
long,-44751.35,0.01,open,open Position,1543.15
long,-44646.95,0.01,open,open Position,1539.55
long,-44736.85,0.01,open,open Position,1542.65
long,-44378.7,0.01,open,open Position,1530.3
long,-44377.25,0.01,open,open Position,1530.25
long,-44602,0.01,open,open Position,1538
long,-44590.4,0.01,open,open Position,1537.6
long,-44671.6,0.01,open,open Position,1540.4
long,-44894.9,0.01,open,open Position,1548.1
long,-44942.75,0.01,open,open Position,1549.75
long,-45269,0.01,open,open Position,1561
long,-45847.55,0.01,open,open Position,1580.95
long,-46007.05,0.01,open,open Position,1586.45
long,-45762,0.01,open,open Position,1578
long,-45782.3,0.01,open,open Position,1578.7
long,-46227.45,0.01,open,open Position,1594.05
long,-45712.7,0.01,open,open Position,1576.3
long,-46661,0.01,open,open Position,1609
long,-46850.95,0.01,open,open Position,1615.55
long,-48129.85,0.01,open,open Position,1659.65
long,-47122.1,0.01,open,open Position,1624.9
long,-47022.05,0.01,open,open Position,1621.45
long,-47043.8,0.01,open,open Position,1622.2
long,-47461.4,0.01,open,open Position,1636.6
long,-47765.9,0.01,open,open Position,1647.1
long,-47690.5,0.01,open,open Position,1644.5
long,-47781.85,0.01,open,open Position,1647.65
long,-47806.5,0.01,open,open Position,1648.5
long,-47665.85,0.01,open,open Position,1643.65
long,-48058.8,0.01,open,open Position,1657.2
long,-47931.2,0.01,open,open Position,1652.8
long,-47802.15,0.01,open,open Position,1648.35
long,-47728.2,0.01,open,open Position,1645.8
long,-47636.85,0.01,open,open Position,1642.65
long,-47728.2,0.01,open,open Position,1645.8
long,-47928.3,0.01,open,open Position,1652.7
long,-47870.3,0.01,open,open Position,1650.7
long,-47629.6,0.01,open,open Position,1642.4
long,-47560,0.01,open,open Position,1640
long,-47577.4,0.01,open,open Position,1640.6
long,-47815.2,0.01,open,open Position,1648.8
long,-47570.15,0.01,open,open Position,1640.35
long,-47393.25,0.01,open,open Position,1634.25
long,-47220.7,0.01,open,open Position,1628.3
long,-47420.8,0.01,open,open Position,1635.2
long,-47459.95,0.01,open,open Position,1636.55
long,-47432.4,0.01,open,open Position,1635.6
long,-47261.3,0.01,open,open Position,1629.7
long,-47342.5,0.01,open,open Position,1632.5
long,-47283.05,0.01,open,open Position,1630.45
long,-47320.75,0.01,open,open Position,1631.75
long,-47312.05,0.01,open,open Position,1631.45
long,-47168.5,0.01,open,open Position,1626.5
long,-47227.95,0.01,open,open Position,1628.55
long,-46794.4,0.01,open,open Position,1613.6
long,-46861.1,0.01,open,open Position,1615.9
long,-46993.05,0.01,open,open Position,1620.45
long,-46946.65,0.01,open,open Position,1618.85
long,-46827.75,0.01,open,open Position,1614.75
long,-46868.35,0.01,open,open Position,1616.15
long,-47029.3,0.01,open,open Position,1621.7
long,-47293.2,0.01,open,open Position,1630.8
long,-47196.05,0.01,open,open Position,1627.45
long,-47210.55,0.01,open,open Position,1627.95
long,-46965.5,0.01,open,open Position,1619.5
long,-46911.85,0.01,open,open Position,1617.65
long,-46988.7,0.01,open,open Position,1620.3
long,-47132.25,0.01,open,open Position,1625.25
long,-47068.45,0.01,open,open Position,1623.05
long,-47010.45,0.01,open,open Position,1621.05
long,-46836.45,0.01,open,open Position,1615.05
long,-46674.05,0.01,open,open Position,1609.45
long,-46676.95,0.01,open,open Position,1609.55
long,-46730.6,0.01,open,open Position,1611.4
long,-46487,0.01,open,open Position,1603
long,-46427.55,0.01,open,open Position,1600.95
long,-45461.85,0.01,open,open Position,1567.65
long,-45603.95,0.01,open,open Position,1572.55
long,-45859.15,0.01,open,open Position,1581.35
long,-46163.65,0.01,open,open Position,1591.85
long,-46008.5,0.01,open,open Position,1586.5
long,-46020.1,0.01,open,open Position,1586.9
long,-46030.25,0.01,open,open Position,1587.25
long,-45676.45,0.01,open,open Position,1575.05
long,-44929.7,0.01,open,open Position,1549.3
long,-45453.15,0.01,open,open Position,1567.35
long,-45325.55,0.01,open,open Position,1562.95
long,-45760.55,0.01,open,open Position,1577.95
long,-45802.6,0.01,open,open Position,1579.4
long,-45930.2,0.01,open,open Position,1583.8
long,-45775.05,0.01,open,open Position,1578.45
long,-45582.2,0.01,open,open Position,1571.8
long,-46152.05,0.01,open,open Position,1591.45
long,-45744.6,0.01,open,open Position,1577.4
long,-45959.2,0.01,open,open Position,1584.8
long,-46054.9,0.01,open,open Position,1588.1
long,-46388.4,0.01,open,open Position,1599.6
long,-46408.7,0.01,open,open Position,1600.3
long,-45659.05,0.01,open,open Position,1574.45
long,-45196.5,0.01,open,open Position,1558.5
long,-45438.65,0.01,open,open Position,1566.85
long,-45255.95,0.01,open,open Position,1560.55
long,-45538.7,0.01,open,open Position,1570.3
long,-44580.25,0.01,open,open Position,1537.25
long,-43676.9,0.01,open,open Position,1506.1
long,-42461.8,0.01,open,open Position,1464.2
long,-42614.05,0.01,open,open Position,1469.45
long,-43034.55,0.01,open,open Position,1483.95
long,-43244.8,0.01,open,open Position,1491.2
long,-43075.15,0.01,open,open Position,1485.35
long,-43167.95,0.01,open,open Position,1488.55
long,-42867.8,0.01,open,open Position,1478.2
long,-42802.55,0.01,open,open Position,1475.95
long,-42873.6,0.01,open,open Position,1478.4
long,-42380.6,0.01,open,open Position,1461.4
long,-41878.9,0.01,open,open Position,1444.1
long,-42398,0.01,open,open Position,1462
long,-44796.3,0.01,open,open Position,1544.7
long,-41928.2,0.01,open,open Position,1445.8
long,-38996.3,0.01,open,open Position,1344.7
long,-38069.75,0.01,open,open Position,1312.75
long,-37972.6,0.01,open,open Position,1309.4
long,-38720.8,0.01,open,open Position,1335.2
long,-38214.75,0.01,open,open Position,1317.75
long,-38672.95,0.01,open,open Position,1333.55
long,-38172.7,0.01,open,open Position,1316.3
long,-38171.25,0.01,open,open Position,1316.25
long,-37526,0.01,open,open Position,1294
long,-38037.85,0.01,open,open Position,1311.65
long,-37787,0.01,open,open Position,1303
long,-37763.8,0.01,open,open Position,1302.2
long,-37514.4,0.01,open,open Position,1293.6
long,-36921.35,0.01,open,open Position,1273.15
long,-36616.85,0.01,open,open Position,1262.65
long,-35239.35,0.01,open,open Position,1215.15
long,-34611.5,0.01,open,open Position,1193.5
long,-35342.3,0.01,open,open Position,1218.7
long,-35559.8,0.01,open,open Position,1226.2
long,-35194.4,0.01,open,open Position,1213.6
long,-35525,0.01,open,open Position,1225
long,-33695.1,0.01,open,open Position,1161.9
long,-34027.15,0.01,open,open Position,1173.35
long,-33853.15,0.01,open,open Position,1167.35
long,-33728.45,0.01,open,open Position,1163.05
long,-34626,0.01,open,open Position,1194
long,-33763.25,0.01,open,open Position,1164.25
long,-32039.2,0.01,open,open Position,1104.8
long,-32382.85,0.01,open,open Position,1116.65
long,-31921.75,0.01,open,open Position,1100.75
long,-33162.95,0.01,open,open Position,1143.55
long,-32962.85,0.01,open,open Position,1136.65
long,-33331.15,0.01,open,open Position,1149.35
long,-34011.2,0.01,open,open Position,1172.8
long,-34080.8,0.01,open,open Position,1175.2
long,-34417.2,0.01,open,open Position,1186.8
long,-34092.4,0.01,open,open Position,1175.6
long,-34507.1,0.01,open,open Position,1189.9
long,-35214.7,0.01,open,open Position,1214.3
long,-34739.1,0.01,open,open Position,1197.9
long,-34211.3,0.01,open,open Position,1179.7
long,-34382.4,0.01,open,open Position,1185.6
long,-35203.1,0.01,open,open Position,1213.9
long,-37636.2,0.01,open,open Position,1297.8
long,-38355.4,0.01,open,open Position,1322.6
long,-38272.75,0.01,open,open Position,1319.75
long,-38264.05,0.01,open,open Position,1319.45
long,-36468.95,0.01,open,open Position,1257.55
long,-36895.25,0.01,open,open Position,1272.25
long,-37437.55,0.01,open,open Position,1290.95
long,-38665.7,0.01,open,open Position,1333.3
long,-38393.1,0.01,open,open Position,1323.9
long,-38355.4,0.01,open,open Position,1322.6
long,-37650.7,0.01,open,open Position,1298.3
long,-37584,0.01,open,open Position,1296
long,-36584.95,0.01,open,open Position,1261.55
long,-36286.25,0.01,open,open Position,1251.25
long,-35903.45,0.01,open,open Position,1238.05
long,-35781.65,0.01,open,open Position,1233.85
long,-36695.15,0.01,open,open Position,1265.35
long,-36647.3,0.01,open,open Position,1263.7
long,-37053.3,0.01,open,open Position,1277.7
long,-37121.45,0.01,open,open Position,1280.05
long,-37069.25,0.01,open,open Position,1278.25
long,-37012.7,0.01,open,open Position,1276.3
long,-36969.2,0.01,open,open Position,1274.8
long,-37415.8,0.01,open,open Position,1290.2
long,-37196.85,0.01,open,open Position,1282.65
long,-36573.35,0.01,open,open Position,1261.15
long,-36521.15,0.01,open,open Position,1259.35
long,-36228.25,0.01,open,open Position,1249.25
long,-36931.5,0.01,open,open Position,1273.5
long,-36647.3,0.01,open,open Position,1263.7
long,-36927.15,0.01,open,open Position,1273.35
long,-36099.2,0.01,open,open Position,1244.8
long,-36792.3,0.01,open,open Position,1268.7
long,-37095.35,0.01,open,open Position,1279.15
long,-37353.45,0.01,open,open Position,1288.05
long,-36988.05,0.01,open,open Position,1275.45
long,-36902.5,0.01,open,open Position,1272.5
long,-37001.1,0.01,open,open Position,1275.9
long,-36509.55,0.01,open,open Position,1258.95
long,-36435.6,0.01,open,open Position,1256.4
long,-36161.55,0.01,open,open Position,1246.95
long,-36566.1,0.01,open,open Position,1260.9
long,-36700.95,0.01,open,open Position,1265.55
long,-36569,0.01,open,open Position,1261
long,-36584.95,0.01,open,open Position,1261.55
long,-36524.05,0.01,open,open Position,1259.45
long,-36540,0.01,open,open Position,1260
long,-36773.45,0.01,open,open Position,1268.05
long,-36680.65,0.01,open,open Position,1264.85
long,-36986.6,0.01,open,open Position,1275.4
long,-36948.9,0.01,open,open Position,1274.1
long,-36860.45,0.01,open,open Position,1271.05
long,-36901.05,0.01,open,open Position,1272.45
long,-36786.5,0.01,open,open Position,1268.5
long,-36773.45,0.01,open,open Position,1268.05
long,-36690.8,0.01,open,open Position,1265.2
long,-36464.6,0.01,open,open Position,1257.4
long,-36534.2,0.01,open,open Position,1259.8
long,-36438.5,0.01,open,open Position,1256.5
long,-36511,0.01,open,open Position,1259
long,-36634.25,0.01,open,open Position,1263.25
long,-36738.65,0.01,open,open Position,1266.85
long,-36864.8,0.01,open,open Position,1271.2
long,-36698.05,0.01,open,open Position,1265.45
long,-36648.75,0.01,open,open Position,1263.75
long,-36181.85,0.01,open,open Position,1247.65
long,-36258.7,0.01,open,open Position,1250.3
long,-35675.8,0.01,open,open Position,1230.2
long,-35565.6,0.01,open,open Position,1226.4
long,-35656.95,0.01,open,open Position,1229.55
long,-35951.3,0.01,open,open Position,1239.7
long,-35852.7,0.01,open,open Position,1236.3
long,-35981.75,0.01,open,open Position,1240.75
long,-35912.15,0.01,open,open Position,1238.35
long,-35697.55,0.01,open,open Position,1230.95
long,-35757,0.01,open,open Position,1233
long,-35604.75,0.01,open,open Position,1227.75
long,-35533.7,0.01,open,open Position,1225.3
long,-35617.8,0.01,open,open Position,1228.2
long,-35333.6,0.01,open,open Position,1218.4
long,-35277.05,0.01,open,open Position,1216.45
long,-35596.05,0.01,open,open Position,1227.45
long,-35394.5,0.01,open,open Position,1220.5
long,-34940.65,0.01,open,open Position,1204.85
long,-34491.15,0.01,open,open Position,1189.35
long,-34602.8,0.01,open,open Position,1193.2
long,-34595.55,0.01,open,open Position,1192.95
long,-34360.65,0.01,open,open Position,1184.85
long,-34262.05,0.01,open,open Position,1181.45
long,-35864.3,0.01,open,open Position,1236.7
long,-36525.5,0.01,open,open Position,1259.5
long,-36560.3,0.01,open,open Position,1260.7
long,-36435.6,0.01,open,open Position,1256.4
long,-36537.1,0.01,open,open Position,1259.9
long,-36290.6,0.01,open,open Position,1251.4
long,-36651.65,0.01,open,open Position,1263.85
long,-36483.45,0.01,open,open Position,1258.05
long,-36283.35,0.01,open,open Position,1251.15
long,-36099.2,0.01,open,open Position,1244.8
long,-35699,0.01,open,open Position,1231
long,-35989,0.01,open,open Position,1241
long,-36039.75,0.01,open,open Position,1242.75
long,-35256.75,0.01,open,open Position,1215.75
long,-35255.3,0.01,open,open Position,1215.7
long,-35583,0.01,open,open Position,1227
long,-35353.9,0.01,open,open Position,1219.1
long,-36033.95,0.01,open,open Position,1242.55
long,-35981.75,0.01,open,open Position,1240.75
long,-36467.5,0.01,open,open Position,1257.5
long,-36490.7,0.01,open,open Position,1258.3
long,-36415.3,0.01,open,open Position,1255.7
long,-36455.9,0.01,open,open Position,1257.1
long,-36174.6,0.01,open,open Position,1247.4
long,-36415.3,0.01,open,open Position,1255.7
long,-36677.75,0.01,open,open Position,1264.75
long,-36905.4,0.01,open,open Position,1272.6
long,-36513.9,0.01,open,open Position,1259.1
long,-36719.8,0.01,open,open Position,1266.2
long,-36519.7,0.01,open,open Position,1259.3
long,-36716.9,0.01,open,open Position,1266.1
long,-37019.95,0.01,open,open Position,1276.55
long,-36718.35,0.01,open,open Position,1266.15
long,-36628.45,0.01,open,open Position,1263.05
long,-36737.2,0.01,open,open Position,1266.8
long,-36716.9,0.01,open,open Position,1266.1
long,-36032.5,0.01,open,open Position,1242.5
long,-36422.55,0.01,open,open Position,1255.95
long,-36335.55,0.01,open,open Position,1252.95
long,-36158.65,0.01,open,open Position,1246.85
long,-36126.75,0.01,open,open Position,1245.75
long,-36338.45,0.01,open,open Position,1253.05
long,-36292.05,0.01,open,open Position,1251.45
long,-36551.6,0.01,open,open Position,1260.4
long,-36529.85,0.01,open,open Position,1259.65
long,-36645.85,0.01,open,open Position,1263.65
long,-36458.8,0.01,open,open Position,1257.2
long,-36454.45,0.01,open,open Position,1257.05
long,-36203.6,0.01,open,open Position,1248.4
long,-36102.1,0.01,open,open Position,1244.9
long,-35875.9,0.01,open,open Position,1237.1
long,-35693.2,0.01,open,open Position,1230.8
long,-35694.65,0.01,open,open Position,1230.85
long,-35446.7,0.01,open,open Position,1222.3
long,-35430.75,0.01,open,open Position,1221.75
long,-35171.2,0.01,open,open Position,1212.8
long,-34998.65,0.01,open,open Position,1206.85
long,-34575.25,0.01,open,open Position,1192.25
long,-35030.55,0.01,open,open Position,1207.95
long,-35230.65,0.01,open,open Position,1214.85
long,-35098.7,0.01,open,open Position,1210.3
long,-35037.8,0.01,open,open Position,1208.2
long,-35134.95,0.01,open,open Position,1211.55
long,-34991.4,0.01,open,open Position,1206.6
long,-35250.95,0.01,open,open Position,1215.55
long,-35242.25,0.01,open,open Position,1215.25
long,-35456.85,0.01,open,open Position,1222.65
long,-35340.85,0.01,open,open Position,1218.65
long,-35014.6,0.01,open,open Position,1207.4
long,-34897.15,0.01,open,open Position,1203.35
long,-34897.15,0.01,open,open Position,1203.35
long,-35114.65,0.01,open,open Position,1210.85
long,-34843.5,0.01,open,open Position,1201.5
long,-34926.15,0.01,open,open Position,1204.35
long,-34872.5,0.01,open,open Position,1202.5
long,-34544.8,0.01,open,open Position,1191.2
long,-34541.9,0.01,open,open Position,1191.1
long,-34882.65,0.01,open,open Position,1202.85
long,-34889.9,0.01,open,open Position,1203.1
long,-34489.7,0.01,open,open Position,1189.3
long,-34559.3,0.01,open,open Position,1191.7
long,-34575.25,0.01,open,open Position,1192.25
long,-35103.05,0.01,open,open Position,1210.45
long,-35119,0.01,open,open Position,1211
long,-35145.1,0.01,open,open Position,1211.9
long,-34860.9,0.01,open,open Position,1202.1
long,-34824.65,0.01,open,open Position,1200.85
long,-34992.85,0.01,open,open Position,1206.65
long,-34974,0.01,open,open Position,1206
long,-34798.55,0.01,open,open Position,1199.95
long,-35265.45,0.01,open,open Position,1216.05
long,-35194.4,0.01,open,open Position,1213.6
long,-35556.9,0.01,open,open Position,1226.1
long,-35364.05,0.01,open,open Position,1219.45
long,-35348.1,0.01,open,open Position,1218.9
long,-35291.55,0.01,open,open Position,1216.95
long,-35322,0.01,open,open Position,1218
long,-35206,0.01,open,open Position,1214
long,-35165.4,0.01,open,open Position,1212.6
long,-35230.65,0.01,open,open Position,1214.85
long,-35326.35,0.01,open,open Position,1218.15
long,-35284.3,0.01,open,open Position,1216.7
long,-35293,0.01,open,open Position,1217
long,-35339.4,0.01,open,open Position,1218.6
long,-35190.05,0.01,open,open Position,1213.45
long,-35103.05,0.01,open,open Position,1210.45
long,-35003,0.01,open,open Position,1207
long,-34908.75,0.01,open,open Position,1203.75
long,-34950.8,0.01,open,open Position,1205.2
long,-35066.8,0.01,open,open Position,1209.2
long,-35079.85,0.01,open,open Position,1209.65
long,-35062.45,0.01,open,open Position,1209.05
long,-35084.2,0.01,open,open Position,1209.8
long,-35163.95,0.01,open,open Position,1212.55
long,-35079.85,0.01,open,open Position,1209.65
long,-35078.4,0.01,open,open Position,1209.6
long,-34978.35,0.01,open,open Position,1206.15
long,-35029.1,0.01,open,open Position,1207.9
long,-35016.05,0.01,open,open Position,1207.45
long,-34914.55,0.01,open,open Position,1203.95
long,-34995.75,0.01,open,open Position,1206.75
long,-34963.85,0.01,open,open Position,1205.65
long,-35069.7,0.01,open,open Position,1209.3
long,-35032,0.01,open,open Position,1208
long,-35033.45,0.01,open,open Position,1208.05
long,-35103.05,0.01,open,open Position,1210.45
long,-35017.5,0.01,open,open Position,1207.5
long,-35016.05,0.01,open,open Position,1207.45
long,-35003,0.01,open,open Position,1207
long,-35056.65,0.01,open,open Position,1208.85
long,-35058.1,0.01,open,open Position,1208.9
long,-35021.85,0.01,open,open Position,1207.65
long,-35013.15,0.01,open,open Position,1207.35
long,-35030.55,0.01,open,open Position,1207.95
long,-35056.65,0.01,open,open Position,1208.85
long,-35126.25,0.01,open,open Position,1211.25
long,-35480.05,0.01,open,open Position,1223.45
long,-35295.9,0.01,open,open Position,1217.1
long,-35435.1,0.01,open,open Position,1221.9
long,-35307.5,0.01,open,open Position,1217.5
long,-35324.9,0.01,open,open Position,1218.1
long,-35329.25,0.01,open,open Position,1218.25
long,-35349.55,0.01,open,open Position,1218.95
long,-35333.6,0.01,open,open Position,1218.4
long,-35365.5,0.01,open,open Position,1219.5
long,-35365.5,0.01,open,open Position,1219.5
long,-35033.45,0.01,open,open Position,1208.05
long,-35047.95,0.01,open,open Position,1208.55
long,-34702.85,0.01,open,open Position,1196.65
long,-33861.85,0.01,open,open Position,1167.65
long,-33843,0.01,open,open Position,1167
long,-34130.1,0.01,open,open Position,1176.9
long,-34008.3,0.01,open,open Position,1172.7
long,-34135.9,0.01,open,open Position,1177.1
long,-34069.2,0.01,open,open Position,1174.8
long,-33992.35,0.01,open,open Position,1172.15
long,-34159.1,0.01,open,open Position,1177.9
long,-34356.3,0.01,open,open Position,1184.7
long,-34137.35,0.01,open,open Position,1177.15
long,-33126.7,0.01,open,open Position,1142.3
long,-33135.4,0.01,open,open Position,1142.6
long,-33118,0.01,open,open Position,1142
long,-33071.6,0.01,open,open Position,1140.4
long,-32806.25,0.01,open,open Position,1131.25
long,-32558.3,0.01,open,open Position,1122.7
long,-32630.8,0.01,open,open Position,1125.2
long,-32735.2,0.01,open,open Position,1128.8
long,-32936.75,0.01,open,open Position,1135.75
long,-32704.75,0.01,open,open Position,1127.75
long,-32571.35,0.01,open,open Position,1123.15
long,-32478.55,0.01,open,open Position,1119.95
long,-32501.75,0.01,open,open Position,1120.75
long,-32675.75,0.01,open,open Position,1126.75
long,-32603.25,0.01,open,open Position,1124.25
long,-32675.75,0.01,open,open Position,1126.75
long,-32901.95,0.01,open,open Position,1134.55
long,-32886,0.01,open,open Position,1134
long,-32767.1,0.01,open,open Position,1129.9
long,-32365.45,0.01,open,open Position,1116.05
long,-32059.5,0.01,open,open Position,1105.5
long,-31905.8,0.01,open,open Position,1100.2
long,-31640.45,0.01,open,open Position,1091.05
long,-32020.35,0.01,open,open Position,1104.15
long,-31740.5,0.01,open,open Position,1094.5
long,-32103,0.01,open,open Position,1107
long,-32089.95,0.01,open,open Position,1106.55
long,-32082.7,0.01,open,open Position,1106.3
long,-31942.05,0.01,open,open Position,1101.45
long,-32145.05,0.01,open,open Position,1108.45
long,-32002.95,0.01,open,open Position,1103.55
long,-31931.9,0.01,open,open Position,1101.1
long,-31853.6,0.01,open,open Position,1098.4
long,-31462.1,0.01,open,open Position,1084.9
long,-31694.1,0.01,open,open Position,1092.9
long,-31534.6,0.01,open,open Position,1087.4
long,-31353.35,0.01,open,open Position,1081.15
long,-31676.7,0.01,open,open Position,1092.3
long,-31475.15,0.01,open,open Position,1085.35
long,-31844.9,0.01,open,open Position,1098.1
long,-32845.4,0.01,open,open Position,1132.6
long,-32517.7,0.01,open,open Position,1121.3
long,-32894.7,0.01,open,open Position,1134.3
long,-32668.5,0.01,open,open Position,1126.5
long,-32385.75,0.01,open,open Position,1116.75
long,-32651.1,0.01,open,open Position,1125.9
long,-32677.2,0.01,open,open Position,1126.8
long,-32687.35,0.01,open,open Position,1127.15
long,-32780.15,0.01,open,open Position,1130.35
long,-32961.4,0.01,open,open Position,1136.6
long,-33028.1,0.01,open,open Position,1138.9
long,-32883.1,0.01,open,open Position,1133.9
long,-32817.85,0.01,open,open Position,1131.65
long,-33696.55,0.01,open,open Position,1161.95
long,-33918.4,0.01,open,open Position,1169.6
long,-33721.2,0.01,open,open Position,1162.8
long,-33550.1,0.01,open,open Position,1156.9
long,-33680.6,0.01,open,open Position,1161.4
long,-33803.85,0.01,open,open Position,1165.65
long,-33729.9,0.01,open,open Position,1163.1
long,-33798.05,0.01,open,open Position,1165.45
long,-34025.7,0.01,open,open Position,1173.3
long,-34038.75,0.01,open,open Position,1173.75
long,-33750.2,0.01,open,open Position,1163.8
long,-33542.85,0.01,open,open Position,1156.65
long,-33793.7,0.01,open,open Position,1165.3
long,-33654.5,0.01,open,open Position,1160.5
long,-33397.85,0.01,open,open Position,1151.65
long,-33447.15,0.01,open,open Position,1153.35
long,-33915.5,0.01,open,open Position,1169.5
long,-33873.45,0.01,open,open Position,1168.05
long,-34057.6,0.01,open,open Position,1174.4
long,-33887.95,0.01,open,open Position,1168.55
long,-34034.4,0.01,open,open Position,1173.6
long,-34318.6,0.01,open,open Position,1183.4
long,-34254.8,0.01,open,open Position,1181.2
long,-34831.9,0.01,open,open Position,1201.1
long,-34772.45,0.01,open,open Position,1199.05
long,-34829,0.01,open,open Position,1201
long,-34860.9,0.01,open,open Position,1202.1
long,-34805.8,0.01,open,open Position,1200.2
long,-35169.75,0.01,open,open Position,1212.75
long,-34959.5,0.01,open,open Position,1205.5
long,-34779.7,0.01,open,open Position,1199.3
long,-34830.45,0.01,open,open Position,1201.05
long,-34672.4,0.01,open,open Position,1195.6
long,-34669.5,0.01,open,open Position,1195.5
long,-34624.55,0.01,open,open Position,1193.95
long,-34781.15,0.01,open,open Position,1199.35
long,-34592.65,0.01,open,open Position,1192.85
long,-34640.5,0.01,open,open Position,1194.5
long,-34813.05,0.01,open,open Position,1200.45
long,-34776.8,0.01,open,open Position,1199.2
long,-34884.1,0.01,open,open Position,1202.9
long,-34856.55,0.01,open,open Position,1201.95
long,-34723.15,0.01,open,open Position,1197.35
long,-34666.6,0.01,open,open Position,1195.4
long,-34872.5,0.01,open,open Position,1202.5
long,-34892.8,0.01,open,open Position,1203.2
long,-34615.85,0.01,open,open Position,1193.65
long,-34559.3,0.01,open,open Position,1191.7
long,-34414.3,0.01,open,open Position,1186.7
long,-34382.4,0.01,open,open Position,1185.6
long,-34076.45,0.01,open,open Position,1175.05
long,-34002.5,0.01,open,open Position,1172.5
long,-34253.35,0.01,open,open Position,1181.15
long,-34349.05,0.01,open,open Position,1184.45
long,-34230.15,0.01,open,open Position,1180.35
long,-34175.05,0.01,open,open Position,1178.45
long,-34357.75,0.01,open,open Position,1184.75
long,-34588.3,0.01,open,open Position,1192.7
long,-34512.9,0.01,open,open Position,1190.1
long,-34485.35,0.01,open,open Position,1189.15
long,-34576.7,0.01,open,open Position,1192.3
long,-34479.55,0.01,open,open Position,1188.95
long,-34408.5,0.01,open,open Position,1186.5
long,-34524.5,0.01,open,open Position,1190.5
long,-34511.45,0.01,open,open Position,1190.05
long,-34684,0.01,open,open Position,1196
long,-34765.2,0.01,open,open Position,1198.8
long,-34750.7,0.01,open,open Position,1198.3
long,-34736.2,0.01,open,open Position,1197.8
long,-34730.4,0.01,open,open Position,1197.6
long,-34955.15,0.01,open,open Position,1205.35
long,-35306.05,0.01,open,open Position,1217.45
long,-35290.1,0.01,open,open Position,1216.9
long,-35214.7,0.01,open,open Position,1214.3
long,-35423.5,0.01,open,open Position,1221.5
long,-35358.25,0.01,open,open Position,1219.25
long,-35256.75,0.01,open,open Position,1215.75
long,-35326.35,0.01,open,open Position,1218.15
long,-35239.35,0.01,open,open Position,1215.15
long,-35355.35,0.01,open,open Position,1219.15
long,-35348.1,0.01,open,open Position,1218.9
long,-35395.95,0.01,open,open Position,1220.55
long,-35336.5,0.01,open,open Position,1218.5
long,-35365.5,0.01,open,open Position,1219.5
long,-35181.35,0.01,open,open Position,1213.15
long,-35091.45,0.01,open,open Position,1210.05
long,-35046.5,0.01,open,open Position,1208.5
long,-35145.1,0.01,open,open Position,1211.9
long,-35021.85,0.01,open,open Position,1207.65
long,-34989.95,0.01,open,open Position,1206.55
long,-35007.35,0.01,open,open Position,1207.15
long,-35076.95,0.01,open,open Position,1209.55
long,-34829,0.01,open,open Position,1201
long,-34942.1,0.01,open,open Position,1204.9
long,-34950.8,0.01,open,open Position,1205.2
long,-35103.05,0.01,open,open Position,1210.45
long,-35217.6,0.01,open,open Position,1214.4
long,-35240.8,0.01,open,open Position,1215.2
long,-35322,0.01,open,open Position,1218
long,-35262.55,0.01,open,open Position,1215.95
long,-35264,0.01,open,open Position,1216
long,-35275.6,0.01,open,open Position,1216.4
long,-35129.15,0.01,open,open Position,1211.35
long,-35082.75,0.01,open,open Position,1209.75
long,-35145.1,0.01,open,open Position,1211.9
long,-35232.1,0.01,open,open Position,1214.9
long,-35197.3,0.01,open,open Position,1213.7
long,-35143.65,0.01,open,open Position,1211.85
long,-35134.95,0.01,open,open Position,1211.55
long,-35295.9,0.01,open,open Position,1217.1
long,-35175.55,0.01,open,open Position,1212.95
long,-35227.75,0.01,open,open Position,1214.75
long,-35290.1,0.01,open,open Position,1216.9
long,-35150.9,0.01,open,open Position,1212.1
long,-35172.65,0.01,open,open Position,1212.85
long,-35226.3,0.01,open,open Position,1214.7
long,-35246.6,0.01,open,open Position,1215.4
long,-34605.7,0.01,open,open Position,1193.3
long,-34621.65,0.01,open,open Position,1193.85
